"Id","Latitude","Longitude","UTC","DeviceName","DeviceId","Message","recordingEffort","knots","DriftName","DeploymentSite","bearing","distance","seadepth"
2175087171,45.91904,-127.67744,2024-08-21 04:20:58,"U","0-2571709","MessageType: UNLIMITED-TRACK, Battery State: GOOD",TRUE,NA,"CalCurCEAS_004","COL",163.019700047881,92.972854210581,2821
2175094304,45.91824,-127.67709,2024-08-21 04:50:19,"R","0-2571518","MessageType: UNLIMITED-TRACK, Battery State: GOOD",TRUE,NA,"CalCurCEAS_004","COL",162.766005649662,10.4737150906934,2821
2175094706,45.91815,-127.67705,2024-08-21 04:51:53,"U","0-2571709","MessageType: UNLIMITED-TRACK, Battery State: GOOD",TRUE,0.108186611900856,"CalCurCEAS_004","COL",160.574440641114,111.965836262045,2821
2175102532,45.9172,-127.67657,2024-08-21 05:21:52,"U","0-2571709","MessageType: UNLIMITED-TRACK, Battery State: GOOD",TRUE,0.120741368731722,"CalCurCEAS_004","COL",180,111.149691093268,2821
2175110452,45.9162,-127.67657,2024-08-21 05:51:22,"R","0-2571518","MessageType: UNLIMITED-TRACK, Battery State: GOOD",TRUE,0.121974797384095,"CalCurCEAS_004","COL",270.000017958076,3.87900787521504,2821
2175110528,45.9162,-127.67662,2024-08-21 05:51:37,"U","0-2571709","MessageType: UNLIMITED-TRACK, Battery State: GOOD",TRUE,0.120874885444909,"CalCurCEAS_004","COL",206.616599852798,145.459967222942,2821
2175118210,45.91503,-127.67746,2024-08-21 06:20:30,"U","0-2571709","MessageType: UNLIMITED-TRACK, Battery State: GOOD",TRUE,0.162834585350552,"CalCurCEAS_004","COL",207.014806352045,143.47660162597,2821
2175126451,45.91388,-127.6783,2024-08-21 06:50:52,"R","0-2571518","MessageType: UNLIMITED-TRACK, Battery State: GOOD",TRUE,0.157974295672601,"CalCurCEAS_004","COL",248.658363954496,9.16247588586067,2821
2175126764,45.91385,-127.67841,2024-08-21 06:52:01,"U","0-2571709","MessageType: UNLIMITED-TRACK, Battery State: GOOD",TRUE,0.154345252997171,"CalCurCEAS_004","COL",215.434856253092,140.509398112878,2821
2175134655,45.91282,-127.67946,2024-08-21 07:20:16,"U","0-2571709","MessageType: UNLIMITED-TRACK, Battery State: GOOD",TRUE,0.160819016129194,"CalCurCEAS_004","COL",229.82905133943,170.580992656265,2821
2175142871,45.91183,-127.68114,2024-08-21 07:50:58,"R","0-2571518","MessageType: UNLIMITED-TRACK, Battery State: GOOD",TRUE,0.170526385619148,"CalCurCEAS_004","COL",256.571177997723,4.7860296367921,2821
2175142954,45.91182,-127.6812,2024-08-21 07:51:17,"U","0-2571709","MessageType: UNLIMITED-TRACK, Battery State: GOOD",TRUE,0.182291542214434,"CalCurCEAS_004","COL",227.572057467581,171.336463023236,2821
2175150381,45.91078,-127.68283,2024-08-21 08:20:03,"U","0-2571709","MessageType: UNLIMITED-TRACK, Battery State: GOOD",TRUE,0.192579802007577,"CalCurCEAS_004","COL",218.209340884068,199.450770552934,2821
2175158156,45.90937,-127.68442,2024-08-21 08:50:23,"R","0-2571518","MessageType: UNLIMITED-TRACK, Battery State: GOOD",TRUE,0.203269259150338,"CalCurCEAS_004","COL",234.387355219573,11.4527534443921,2821
2175158591,45.90931,-127.68454,2024-08-21 08:52:02,"U","0-2571709","MessageType: UNLIMITED-TRACK, Battery State: GOOD",TRUE,0.212777393515675,"CalCurCEAS_004","COL",217.252806249275,249.953163217994,2821
2175166730,45.90752,-127.68649,2024-08-21 09:23:50,"U","0-2571709","MessageType: UNLIMITED-TRACK, Battery State: GOOD",TRUE,0.254145249812845,"CalCurCEAS_004","COL",208.642097268583,215.299226874666,2829
2175173156,45.90582,-127.68782,2024-08-21 09:49:55,"U","0-2571709","MessageType: UNLIMITED-TRACK, Battery State: GOOD",TRUE,0.266888498490002,"CalCurCEAS_004","COL",210.189111240876,7.71540487110186,2829
2175173337,45.90576,-127.68787,2024-08-21 09:50:29,"R","0-2571518","MessageType: UNLIMITED-TRACK, Battery State: GOOD",TRUE,0.259500221483454,"CalCurCEAS_004","COL",205.258110625202,269.148226035812,2829
2175181207,45.90357,-127.68935,2024-08-21 10:21:16,"U","0-2571709","MessageType: UNLIMITED-TRACK, Battery State: GOOD",TRUE,0.285519185900217,"CalCurCEAS_004","COL",210.741568597782,279.332419502357,2829
2175189452,45.90141,-127.69119,2024-08-21 10:50:20,"R","0-2571518","MessageType: UNLIMITED-TRACK, Battery State: GOOD",TRUE,0.295971701989205,"CalCurCEAS_004","COL",212.618802018645,31.671143798501,2829
2175190355,45.90117,-127.69141,2024-08-21 10:53:26,"U","0-2571709","MessageType: UNLIMITED-TRACK, Battery State: GOOD",TRUE,0.312599613043383,"CalCurCEAS_004","COL",214.545875071194,290.12620420155,2829
2175198995,45.89902,-127.69353,2024-08-21 11:20:52,"U","0-2571709","MessageType: UNLIMITED-TRACK, Battery State: GOOD",TRUE,0.341947045049215,"CalCurCEAS_004","COL",214.484449880829,331.713158621393,2832
2175208775,45.89656,-127.69595,2024-08-21 11:49:26,"U","0-2571709","MessageType: UNLIMITED-TRACK, Battery State: GOOD",TRUE,0.375451299723164,"CalCurCEAS_004","COL",180,0,2832
2175208814,45.89656,-127.69595,2024-08-21 11:49:32,"R","0-2571518","MessageType: UNLIMITED-TRACK, Battery State: GOOD",TRUE,0.356919548193546,"CalCurCEAS_004","COL",219.82963552563,364.725452263665,2832
2175220524,45.89404,-127.69896,2024-08-21 12:20:23,"U","0-2571709","MessageType: UNLIMITED-TRACK, Battery State: GOOD",TRUE,0.381027128374534,"CalCurCEAS_004","COL",225.234905008075,295.150500673503,2832
2175232803,45.89217,-127.70166,2024-08-21 12:49:15,"U","0-2571709","MessageType: UNLIMITED-TRACK, Battery State: GOOD",TRUE,0.330595826389489,"CalCurCEAS_004","COL",226.326932509391,3.21918463719221,2832
2175232950,45.89215,-127.70169,2024-08-21 12:49:33,"R","0-2571518","MessageType: UNLIMITED-TRACK, Battery State: GOOD",TRUE,0.356839654019191,"CalCurCEAS_004","COL",235.986224777561,244.390609354936,2832
2175247227,45.89092,-127.7043,2024-08-21 13:20:23,"U","0-2571709","MessageType: UNLIMITED-TRACK, Battery State: GOOD",TRUE,0.257106854498729,"CalCurCEAS_004","COL",243.063668907285,188.923970550334,2841
2175261122,45.89015,-127.70647,2024-08-21 13:48:18,"R","0-2571518","MessageType: UNLIMITED-TRACK, Battery State: GOOD",TRUE,0.238029196676499,"CalCurCEAS_004","COL",234.396766246322,3.81844996452765,2841
2175261484,45.89013,-127.70651,2024-08-21 13:49:03,"U","0-2571709","MessageType: UNLIMITED-TRACK, Battery State: GOOD",TRUE,0.217347327506113,"CalCurCEAS_004","COL",221.766552610297,154.980153645735,2841
2175277466,45.88909,-127.70784,2024-08-21 14:20:32,"U","0-2571709","MessageType: UNLIMITED-TRACK, Battery State: GOOD",TRUE,0.159164371663699,"CalCurCEAS_004","COL",246.298693802468,116.132760667336,2841
2175292220,45.88867,-127.70921,2024-08-21 14:48:02,"R","0-2571518","MessageType: UNLIMITED-TRACK, Battery State: GOOD",TRUE,0.145536639267359,"CalCurCEAS_004","COL",177.144415046606,15.5802261805038,2841
2175293391,45.88853,-127.7092,2024-08-21 14:50:18,"U","0-2571709","MessageType: UNLIMITED-TRACK, Battery State: GOOD",TRUE,0.133111965850759,"CalCurCEAS_004","COL",242.145162954147,73.7445472020624,2841
2175309877,45.88822,-127.71004,2024-08-21 15:20:49,"U","0-2571709","MessageType: UNLIMITED-TRACK, Battery State: GOOD",TRUE,0.0781345830540694,"CalCurCEAS_004","COL",222.95718388217,50.1174565081724,2841
2175324589,45.88789,-127.71048,2024-08-21 15:47:32,"R","0-2571518","MessageType: UNLIMITED-TRACK, Battery State: GOOD",TRUE,0.0713379311251254,"CalCurCEAS_004","COL",229.33139819478,5.11671073891188,2841
2175325198,45.88786,-127.71053,2024-08-21 15:48:45,"U","0-2571709","MessageType: UNLIMITED-TRACK, Battery State: GOOD",TRUE,0.0639013030254068,"CalCurCEAS_004","COL",216.033760658661,65.9742833867637,2841
2175342014,45.88738,-127.71103,2024-08-21 16:18:33,"U","0-2571709","MessageType: UNLIMITED-TRACK, Battery State: GOOD",TRUE,0.0715828354420143,"CalCurCEAS_004","COL",233.236366521964,22.284926771459,2841
2175357885,45.88726,-127.71126,2024-08-21 16:47:46,"R","0-2571518","MessageType: UNLIMITED-TRACK, Battery State: GOOD",TRUE,0.0496907687749362,"CalCurCEAS_004","COL",180,4.44596461988623,2841
2175358957,45.88722,-127.71126,2024-08-21 16:49:47,"U","0-2571709","MessageType: UNLIMITED-TRACK, Battery State: GOOD",TRUE,0.0260863713188059,"CalCurCEAS_004","COL",185.439858065851,49.1268617788801,2841
2175376026,45.88678,-127.71132,2024-08-21 17:19:47,"U","0-2571709","MessageType: UNLIMITED-TRACK, Battery State: GOOD",TRUE,0.0529478399172374,"CalCurCEAS_004","COL",189.480819953943,51.8366280880507,2841
2175390920,45.88632,-127.71143,2024-08-21 17:47:00,"R","0-2571518","MessageType: UNLIMITED-TRACK, Battery State: GOOD",TRUE,0.0574849999117122,"CalCurCEAS_004","COL",158.244915987913,16.7541572430783,2841
2175392154,45.88618,-127.71135,2024-08-21 17:49:18,"U","0-2571709","MessageType: UNLIMITED-TRACK, Battery State: GOOD",TRUE,0.0730979113230527,"CalCurCEAS_004","COL",187.95118889906,16.8342029958977,2841
2175408633,45.88603,-127.71138,2024-08-21 18:19:19,"U","0-2571709","MessageType: UNLIMITED-TRACK, Battery State: GOOD",TRUE,0.0181334557534934,"CalCurCEAS_004","COL",107.819932594369,39.9517111571635,2841
2175423747,45.88592,-127.71089,2024-08-21 18:46:37,"R","0-2571518","MessageType: UNLIMITED-TRACK, Battery State: GOOD",TRUE,0.0331395701244905,"CalCurCEAS_004","COL",133.6698105165,6.43874429907933,2841
2175425260,45.88588,-127.71083,2024-08-21 18:49:26,"U","0-2571709","MessageType: UNLIMITED-TRACK, Battery State: GOOD",TRUE,0.0492056455209818,"CalCurCEAS_004","COL",109.107493195513,50.93206123698,2841
2175440430,45.88573,-127.71021,2024-08-21 19:18:05,"U","0-2571709","MessageType: UNLIMITED-TRACK, Battery State: GOOD",TRUE,0.0574800458404545,"CalCurCEAS_004","COL",162.092897143601,78.2610939214531,2841
2175454772,45.88506,-127.7099,2024-08-21 19:45:52,"R","0-2571518","MessageType: UNLIMITED-TRACK, Battery State: GOOD",TRUE,0.0669302527907798,"CalCurCEAS_004","COL",180,14.4493793148881,2841
2175456309,45.88493,-127.7099,2024-08-21 19:48:49,"U","0-2571709","MessageType: UNLIMITED-TRACK, Battery State: GOOD",TRUE,0.0969134226114904,"CalCurCEAS_004","COL",171.650669745017,155.028786772548,2841
2175470459,45.88355,-127.70961,2024-08-21 20:17:55,"U","0-2571709","MessageType: UNLIMITED-TRACK, Battery State: GOOD",TRUE,0.172254207525054,"CalCurCEAS_004","COL",171.882477256905,159.42897655347,2841
2175484047,45.88213,-127.70932,2024-08-21 20:45:48,"R","0-2571518","MessageType: UNLIMITED-TRACK, Battery State: GOOD",TRUE,0.17736440989786,"CalCurCEAS_004","COL",231.499296332751,8.92727767265376,2841
2175485413,45.88208,-127.70941,2024-08-21 20:48:54,"U","0-2571709","MessageType: UNLIMITED-TRACK, Battery State: GOOD",TRUE,0.171276253755049,"CalCurCEAS_004","COL",187.055762024779,176.955451140693,2841
2175498693,45.8805,-127.70969,2024-08-21 21:17:40,"U","0-2571709","MessageType: UNLIMITED-TRACK, Battery State: GOOD",TRUE,0.198895466519666,"CalCurCEAS_004","COL",194.971065888327,201.344841085638,2841
2175511160,45.87875,-127.71036,2024-08-21 21:46:00,"R","0-2571518","MessageType: UNLIMITED-TRACK, Battery State: GOOD",TRUE,0.206385883314858,"CalCurCEAS_004","COL",187.578084032539,23.5469358209627,2841
2175512401,45.87854,-127.7104,2024-08-21 21:48:56,"U","0-2571709","MessageType: UNLIMITED-TRACK, Battery State: GOOD",TRUE,0.232382713308166,"CalCurCEAS_004","COL",199.653886499339,260.834304474948,2841
2175524477,45.87633,-127.71153,2024-08-21 22:17:29,"U","0-2571709","MessageType: UNLIMITED-TRACK, Battery State: GOOD",TRUE,0.295399037175364,"CalCurCEAS_004","COL",201.802909285772,271.745947387079,2841
2175560375,45.87406,-127.71283,2024-08-21 22:44:53,"R","0-2571518","MessageType: UNLIMITED-TRACK, Battery State: GOOD",TRUE,0.304996686349237,"CalCurCEAS_004","COL",198.836396100698,50.4984634321843,2851
2175537856,45.87363,-127.71304,2024-08-21 22:49:46,"U","0-2571709","MessageType: UNLIMITED-TRACK, Battery State: GOOD",TRUE,0.322686375381107,"CalCurCEAS_004","COL",197.478064833094,307.635102526749,2851
2175551063,45.87099,-127.71423,2024-08-21 23:21:22,"U","0-2571709","MessageType: UNLIMITED-TRACK, Battery State: GOOD",TRUE,0.314774313766821,"CalCurCEAS_004","COL",193.850377741289,214.072336676802,2851
2175560337,45.86912,-127.71489,2024-08-21 23:44:53,"R","0-2571518","MessageType: UNLIMITED-TRACK, Battery State: GOOD",TRUE,0.30818852178674,"CalCurCEAS_004","COL",192.44043169639,43.2520574729428,2851
2175562221,45.86874,-127.71501,2024-08-21 23:49:48,"U","0-2571709","MessageType: UNLIMITED-TRACK, Battery State: GOOD",TRUE,0.292607387872694,"CalCurCEAS_004","COL",197.602809803078,267.033698602986,2851
2175573493,45.86645,-127.71605,2024-08-22 00:18:22,"U","0-2571709","MessageType: UNLIMITED-TRACK, Battery State: GOOD",TRUE,0.302243509503964,"CalCurCEAS_004","COL",197.459821602265,292.456767437728,2851
2175582884,45.86394,-127.71718,2024-08-22 00:44:54,"R","0-2571518","MessageType: UNLIMITED-TRACK, Battery State: GOOD",TRUE,0.324635574331345,"CalCurCEAS_004","COL",197.75567156239,28.0099066322523,2851
2175583617,45.8637,-127.71729,2024-08-22 00:47:07,"U","0-2571709","MessageType: UNLIMITED-TRACK, Battery State: GOOD",TRUE,0.360408511872242,"CalCurCEAS_004","COL",202.155963125748,376.829903988252,2851
2175594017,45.86056,-127.71912,2024-08-22 01:18:48,"U","0-2571709","MessageType: UNLIMITED-TRACK, Battery State: GOOD",TRUE,0.384560764722362,"CalCurCEAS_004","COL",203.67583116455,299.766529853272,2851
2175602460,45.85809,-127.72067,2024-08-22 01:44:18,"R","0-2571518","MessageType: UNLIMITED-TRACK, Battery State: GOOD",TRUE,0.38345051467473,"CalCurCEAS_004","COL",205.17584389752,67.5482794448155,2861
2175604473,45.85754,-127.72104,2024-08-22 01:50:36,"U","0-2571709","MessageType: UNLIMITED-TRACK, Battery State: GOOD",TRUE,0.373455988836069,"CalCurCEAS_004","COL",210.545973146983,307.158436745861,2861
2175613711,45.85516,-127.72305,2024-08-22 02:20:31,"U","0-2571709","MessageType: UNLIMITED-TRACK, Battery State: GOOD",TRUE,0.331970678154301,"CalCurCEAS_004","COL",214.945126624301,257.630939717791,2861
2175620403,45.85326,-127.72495,2024-08-22 02:44:48,"R","0-2571518","MessageType: UNLIMITED-TRACK, Battery State: GOOD",TRUE,0.337455687603349,"CalCurCEAS_004","COL",214.945070052892,36.6109413720757,2861
2175621395,45.85299,-127.72522,2024-08-22 02:48:28,"U","0-2571709","MessageType: UNLIMITED-TRACK, Battery State: GOOD",TRUE,0.340387149254957,"CalCurCEAS_004","COL",213.943024898991,254.558954255304,2865
2175628867,45.85109,-127.72705,2024-08-22 03:16:24,"U","0-2571709","MessageType: UNLIMITED-TRACK, Battery State: GOOD",TRUE,0.294656546095041,"CalCurCEAS_004","COL",224.439118317147,193.030167092505,2865
2175635292,45.84985,-127.72879,2024-08-22 03:41:50,"R","0-2571518","MessageType: UNLIMITED-TRACK, Battery State: GOOD",TRUE,0.273422594790667,"CalCurCEAS_004","COL",227.981558831442,28.2283288701091,2865
2175636396,45.84968,-127.72906,2024-08-22 03:46:18,"U","0-2571709","MessageType: UNLIMITED-TRACK, Battery State: GOOD",TRUE,0.239214114949404,"CalCurCEAS_004","COL",231.56752955251,218.147431224779,2865
2175643966,45.84846,-127.73126,2024-08-22 04:17:27,"U","0-2571709","MessageType: UNLIMITED-TRACK, Battery State: GOOD",TRUE,0.226434465797791,"CalCurCEAS_004","COL",218.032648550367,153.811294567025,2865
2175650037,45.84737,-127.73248,2024-08-22 04:43:19,"R","0-2571518","MessageType: UNLIMITED-TRACK, Battery State: GOOD",TRUE,0.209123381541015,"CalCurCEAS_004","COL",239.493345821043,15.3265967338503,2865
2175650605,45.8473,-127.73265,2024-08-22 04:46:06,"U","0-2571709","MessageType: UNLIMITED-TRACK, Battery State: GOOD",TRUE,0.18978900852826,"CalCurCEAS_004","COL",231.064791744803,146.795062086464,2865
2175658435,45.84647,-127.73412,2024-08-22 05:17:31,"U","0-2571709","MessageType: UNLIMITED-TRACK, Battery State: GOOD",TRUE,0.15107820713408,"CalCurCEAS_004","COL",227.873224262094,111.019362297742,2865
2175665125,45.8458,-127.73518,2024-08-22 05:42:52,"R","0-2571518","MessageType: UNLIMITED-TRACK, Battery State: GOOD",TRUE,0.148137026421725,"CalCurCEAS_004","COL",241.174408320194,23.0528093623708,2865
2175666903,45.8457,-127.73544,2024-08-22 05:49:40,"U","0-2571709","MessageType: UNLIMITED-TRACK, Battery State: GOOD",TRUE,0.134320663309202,"CalCurCEAS_004","COL",215.315906055282,99.4365976080639,2865
2175674260,45.84497,-127.73618,2024-08-22 06:16:59,"U","0-2571709","MessageType: UNLIMITED-TRACK, Battery State: GOOD",TRUE,0.117697986186482,"CalCurCEAS_004","COL",204.762252008677,61.201329647865,2865
2175681172,45.84447,-127.73651,2024-08-22 06:42:26,"R","0-2571518","MessageType: UNLIMITED-TRACK, Battery State: GOOD",TRUE,0.0978962255997713,"CalCurCEAS_004","COL",157.25009630427,12.0524903421774,2865
2175682119,45.84437,-127.73645,2024-08-22 06:45:55,"U","0-2571709","MessageType: UNLIMITED-TRACK, Battery State: GOOD",TRUE,0.078124431032274,"CalCurCEAS_004","COL",219.290659656056,58.8811496062982,2865
2175699859,45.84396,-127.73693,2024-08-22 07:19:03,"U","0-2571709","MessageType: UNLIMITED-TRACK, Battery State: GOOD",TRUE,0.0574594719498081,"CalCurCEAS_004","COL",229.477104592997,78.6883690195593,2865
2175697809,45.8435,-127.7377,2024-08-22 07:42:01,"R","0-2571518","MessageType: UNLIMITED-TRACK, Battery State: GOOD",TRUE,0.0770668688331142,"CalCurCEAS_004","COL",233.652627363459,33.756242601501,2865
2175699838,45.84332,-127.73805,2024-08-22 07:49:03,"U","0-2571709","MessageType: UNLIMITED-TRACK, Battery State: GOOD",TRUE,0.121122688258408,"CalCurCEAS_004","COL",242.763781783837,143.285740019694,2865
2175707002,45.84273,-127.73969,2024-08-22 08:16:30,"U","0-2571709","MessageType: UNLIMITED-TRACK, Battery State: GOOD",TRUE,0.16877616007177,"CalCurCEAS_004","COL",253.308306574969,135.437310711895,2865
2175713336,45.84238,-127.74136,2024-08-22 08:41:47,"R","0-2571518","MessageType: UNLIMITED-TRACK, Battery State: GOOD",TRUE,0.167910769646611,"CalCurCEAS_004","COL",255.667726089942,22.4499712817645,2865
2175714469,45.84233,-127.74164,2024-08-22 08:46:29,"U","0-2571709","MessageType: UNLIMITED-TRACK, Battery State: GOOD",TRUE,0.170244369512931,"CalCurCEAS_004","COL",261.815622712899,148.332177168883,2865
2175722047,45.84214,-127.74353,2024-08-22 09:16:19,"U","0-2571709","MessageType: UNLIMITED-TRACK, Battery State: GOOD",TRUE,0.160762247881359,"CalCurCEAS_004","COL",260.352634955658,79.5858116174556,2872
2175728766,45.84202,-127.74454,2024-08-22 09:41:49,"R","0-2571518","MessageType: UNLIMITED-TRACK, Battery State: GOOD",TRUE,0.134783268199976,"CalCurCEAS_004","COL",270.000046632411,10.0988499873444,2872
2175729542,45.84202,-127.74467,2024-08-22 09:45:04,"U","0-2571709","MessageType: UNLIMITED-TRACK, Battery State: GOOD",TRUE,0.100720092435648,"CalCurCEAS_004","COL",204.133696439861,47.4995283240366,2872
2175738206,45.84163,-127.74492,2024-08-22 10:16:20,"U","0-2571709","MessageType: UNLIMITED-TRACK, Battery State: GOOD",TRUE,0.0491199813159013,"CalCurCEAS_004","COL",174.493467150697,64.764836386893,2880
2175745252,45.84105,-127.74484,2024-08-22 10:40:49,"R","0-2571518","MessageType: UNLIMITED-TRACK, Battery State: GOOD",TRUE,0.0604490154377395,"CalCurCEAS_004","COL",172.968596608965,19.0383792096398,2880
2175756367,45.84088,-127.74481,2024-08-22 10:46:17,"U","0-2571709","MessageType: UNLIMITED-TRACK, Battery State: GOOD",TRUE,0.0904664045325048,"CalCurCEAS_004","COL",192.335852204048,185.453156709029,2880
2175756328,45.83925,-127.74532,2024-08-22 11:16:17,"U","0-2571709","MessageType: UNLIMITED-TRACK, Battery State: GOOD",TRUE,0.199877291119732,"CalCurCEAS_004","COL",207.313647173615,196.398871005752,2880
2175764728,45.83768,-127.74648,2024-08-22 11:40:58,"R","0-2571518","MessageType: UNLIMITED-TRACK, Battery State: GOOD",TRUE,0.212676847133357,"CalCurCEAS_004","COL",214.952617568183,28.4777278689318,2880
2175765862,45.83747,-127.74669,2024-08-22 11:44:38,"U","0-2571709","MessageType: UNLIMITED-TRACK, Battery State: GOOD",TRUE,0.25622110064205,"CalCurCEAS_004","COL",210.331251907108,173.845252866981,2880
2175777867,45.83612,-127.74782,2024-08-22 12:15:50,"U","0-2571709","MessageType: UNLIMITED-TRACK, Battery State: GOOD",TRUE,0.180160144530953,"CalCurCEAS_004","COL",188.371493387092,106.727879713057,2880
2175786888,45.83517,-127.74802,2024-08-22 12:38:44,"R","0-2571518","MessageType: UNLIMITED-TRACK, Battery State: GOOD",TRUE,0.169906733049916,"CalCurCEAS_004","COL",189.163414634186,29.272068755051,2880
2175789343,45.83491,-127.74808,2024-08-22 12:44:25,"U","0-2571709","MessageType: UNLIMITED-TRACK, Battery State: GOOD",TRUE,0.153840024326998,"CalCurCEAS_004","COL",191.541743469947,201.926561258613,2880
2175803766,45.83313,-127.7486,2024-08-22 13:15:59,"U","0-2571709","MessageType: UNLIMITED-TRACK, Battery State: GOOD",TRUE,0.206830796642929,"CalCurCEAS_004","COL",188.411706918813,175.276436779006,2880
2175814961,45.83157,-127.74893,2024-08-22 13:39:23,"R","0-2571518","MessageType: UNLIMITED-TRACK, Battery State: GOOD",TRUE,0.216620839174604,"CalCurCEAS_004","COL",183.998776628149,33.4257807723474,2880
2175817040,45.83127,-127.74896,2024-08-22 13:44:17,"U","0-2571709","MessageType: UNLIMITED-TRACK, Battery State: GOOD",TRUE,0.238351492918545,"CalCurCEAS_004","COL",186.550283234259,231.588085428609,2880
2175832233,45.8292,-127.7493,2024-08-22 14:15:19,"U","0-2571709","MessageType: UNLIMITED-TRACK, Battery State: GOOD",TRUE,0.241289412315522,"CalCurCEAS_004","COL",197.950967817911,191.60983093081,2880
2175844773,45.82756,-127.75006,2024-08-22 14:39:52,"R","0-2571518","MessageType: UNLIMITED-TRACK, Battery State: GOOD",TRUE,0.242844506611465,"CalCurCEAS_004","COL",192.270705345034,51.1859409891872,2880
2175848025,45.82711,-127.7502,2024-08-22 14:45:46,"U","0-2571709","MessageType: UNLIMITED-TRACK, Battery State: GOOD",TRUE,0.257602032958103,"CalCurCEAS_004","COL",198.031177379738,220.918916553848,2880
2175864138,45.82522,-127.75108,2024-08-22 15:15:52,"U","0-2571709","MessageType: UNLIMITED-TRACK, Battery State: GOOD",TRUE,0.23731046407224,"CalCurCEAS_004","COL",200.040449479663,108.846506000754,2880
2175876780,45.8243,-127.75156,2024-08-22 15:39:18,"R","0-2571518","MessageType: UNLIMITED-TRACK, Battery State: GOOD",TRUE,0.207071987664664,"CalCurCEAS_004","COL",200.311278836365,20.1479216102169,2882
2175879145,45.82413,-127.75165,2024-08-22 15:43:48,"U","0-2571709","MessageType: UNLIMITED-TRACK, Battery State: GOOD",TRUE,0.149313138524344,"CalCurCEAS_004","COL",198.40047709317,145.249294943274,2882
2175894888,45.82289,-127.75224,2024-08-22 16:13:37,"U","0-2571709","MessageType: UNLIMITED-TRACK, Battery State: GOOD",TRUE,0.157509017434294,"CalCurCEAS_004","COL",208.686425209804,87.4220676253679,2882
2175908789,45.8222,-127.75278,2024-08-22 16:39:25,"R","0-2571518","MessageType: UNLIMITED-TRACK, Battery State: GOOD",TRUE,0.13549866158355,"CalCurCEAS_004","COL",191.29686743892,15.8681365678617,2882
2175911746,45.82206,-127.75282,2024-08-22 16:44:56,"U","0-2571709","MessageType: UNLIMITED-TRACK, Battery State: GOOD",TRUE,0.106007793939,"CalCurCEAS_004","COL",194.104557337201,73.3457708798549,2882
2175927506,45.82142,-127.75305,2024-08-22 17:13:22,"U","0-2571709","MessageType: UNLIMITED-TRACK, Battery State: GOOD",TRUE,0.0834060934976076,"CalCurCEAS_004","COL",187.173143705606,56.0122975827539,2882
2175941217,45.82092,-127.75314,2024-08-22 17:38:01,"R","0-2571518","MessageType: UNLIMITED-TRACK, Battery State: GOOD",TRUE,0.0800022740314683,"CalCurCEAS_004","COL",180,8.89182551608772,2882
2175944856,45.82084,-127.75314,2024-08-22 17:44:23,"U","0-2571709","MessageType: UNLIMITED-TRACK, Battery State: GOOD",TRUE,0.0675966858562541,"CalCurCEAS_004","COL",101.5475416465,33.3137729509456,2882
2175960666,45.82078,-127.75272,2024-08-22 18:13:08,"U","0-2571709","MessageType: UNLIMITED-TRACK, Battery State: GOOD",TRUE,0.0374659243622229,"CalCurCEAS_004","COL",123.284652233003,56.7078512199957,2882
2175974354,45.8205,-127.75211,2024-08-22 18:37:56,"R","0-2571518","MessageType: UNLIMITED-TRACK, Battery State: GOOD",TRUE,0.0500042450724812,"CalCurCEAS_004","COL",141.677414884917,32.5849846565008,2882
2175993187,45.82027,-127.75185,2024-08-22 18:42:52,"U","0-2571709","MessageType: UNLIMITED-TRACK, Battery State: GOOD",TRUE,0.0959445480313197,"CalCurCEAS_004","COL",162.842509018593,89.5698315784648,2882
2175993119,45.8195,-127.75151,2024-08-22 19:12:52,"U","0-2571709","MessageType: UNLIMITED-TRACK, Battery State: GOOD",TRUE,0.0965363740345676,"CalCurCEAS_004","COL",166.715863498343,87.9367255005386,2882
2176006700,45.81873,-127.75125,2024-08-22 19:38:19,"R","0-2571518","MessageType: UNLIMITED-TRACK, Battery State: GOOD",TRUE,0.111256486400097,"CalCurCEAS_004","COL",172.413776971973,23.5471326278093,2882
2176008817,45.81852,-127.75121,2024-08-22 19:42:42,"U","0-2571709","MessageType: UNLIMITED-TRACK, Battery State: GOOD",TRUE,0.120726587549276,"CalCurCEAS_004","COL",195.302333062871,159.021611289077,2882
2176024559,45.81714,-127.75175,2024-08-22 20:14:00,"U","0-2571709","MessageType: UNLIMITED-TRACK, Battery State: GOOD",TRUE,0.16427152603877,"CalCurCEAS_004","COL",212.234416008623,147.167455849661,2882
2176035425,45.81602,-127.75276,2024-08-22 20:37:25,"R","0-2571518","MessageType: UNLIMITED-TRACK, Battery State: GOOD",TRUE,0.176856229360308,"CalCurCEAS_004","COL",213.776627942327,61.5100580784414,2882
2176038772,45.81556,-127.7532,2024-08-22 20:45:08,"U","0-2571709","MessageType: UNLIMITED-TRACK, Battery State: GOOD",TRUE,0.216704423621172,"CalCurCEAS_004","COL",216.948011821855,239.210288017959,2882
2176051590,45.81384,-127.75505,2024-08-22 21:13:53,"U","0-2571709","MessageType: UNLIMITED-TRACK, Battery State: GOOD",TRUE,0.269024903625995,"CalCurCEAS_004","COL",219.855742325472,186.774435945607,2882
2176061702,45.81255,-127.75659,2024-08-22 21:36:59,"R","0-2571518","MessageType: UNLIMITED-TRACK, Battery State: GOOD",TRUE,0.264455415394195,"CalCurCEAS_004","COL",223.779930064335,41.5646682381063,2882
2176064119,45.81228,-127.75696,2024-08-22 21:42:27,"U","0-2571709","MessageType: UNLIMITED-TRACK, Battery State: GOOD",TRUE,0.25835653999057,"CalCurCEAS_004","COL",227.769656254275,241.43710818711,2882
2176076760,45.81082,-127.75926,2024-08-22 22:13:53,"U","0-2571709","MessageType: UNLIMITED-TRACK, Battery State: GOOD",TRUE,0.248349941613464,"CalCurCEAS_004","COL",226.207834281952,189.514804822197,2885
2176086562,45.80964,-127.76102,2024-08-22 22:37:31,"R","0-2571518","MessageType: UNLIMITED-TRACK, Battery State: GOOD",TRUE,0.252335782614075,"CalCurCEAS_004","COL",228.9144365183,42.2815531664453,2885
2176088541,45.80939,-127.76143,2024-08-22 22:42:13,"U","0-2571709","MessageType: UNLIMITED-TRACK, Battery State: GOOD",TRUE,0.264476496844874,"CalCurCEAS_004","COL",238.916933519873,260.487538098234,2885
2176100154,45.80818,-127.7643,2024-08-22 23:13:01,"U","0-2571709","MessageType: UNLIMITED-TRACK, Battery State: GOOD",TRUE,0.273455532419142,"CalCurCEAS_004","COL",234.662782317349,230.5965979264,2882
2176109453,45.80698,-127.76672,2024-08-22 23:37:16,"R","0-2571518","MessageType: UNLIMITED-TRACK, Battery State: GOOD",TRUE,0.288239805777838,"CalCurCEAS_004","COL",239.777616025423,48.578426475181,2882
2176111380,45.80676,-127.76726,2024-08-22 23:42:04,"U","0-2571709","MessageType: UNLIMITED-TRACK, Battery State: GOOD",TRUE,0.310550359964569,"CalCurCEAS_004","COL",231.977241971449,252.613334077022,2882
2176123486,45.80536,-127.76982,2024-08-23 00:13:46,"U","0-2571709","MessageType: UNLIMITED-TRACK, Battery State: GOOD",TRUE,0.257660288175301,"CalCurCEAS_004","COL",239.042359237046,157.728504190813,2882
2176131949,45.80463,-127.77156,2024-08-23 00:36:54,"R","0-2571518","MessageType: UNLIMITED-TRACK, Battery State: GOOD",TRUE,0.248334647459448,"CalCurCEAS_004","COL",241.800797682021,35.2818814712787,2882
2176133658,45.80448,-127.77196,2024-08-23 00:41:57,"U","0-2571709","MessageType: UNLIMITED-TRACK, Battery State: GOOD",TRUE,0.221392828317948,"CalCurCEAS_004","COL",256.143298781984,227.388822604949,2882
2176144336,45.80399,-127.7748,2024-08-23 01:13:25,"U","0-2571709","MessageType: UNLIMITED-TRACK, Battery State: GOOD",TRUE,0.233651650346187,"CalCurCEAS_004","COL",270.86750597392,146.938531926433,2882
2176151697,45.80401,-127.77669,2024-08-23 01:36:30,"R","0-2571518","MessageType: UNLIMITED-TRACK, Battery State: GOOD",TRUE,0.21954957279949,"CalCurCEAS_004","COL",283.403743437105,28.7686917545524,2876
2176153251,45.80407,-127.77705,2024-08-23 01:41:49,"U","0-2571709","MessageType: UNLIMITED-TRACK, Battery State: GOOD",TRUE,0.19938803467755,"CalCurCEAS_004","COL",289.203091046998,128.412806565881,2876
2176162640,45.80445,-127.77861,2024-08-23 02:13:17,"U","0-2571709","MessageType: UNLIMITED-TRACK, Battery State: GOOD",TRUE,0.13194959996706,"CalCurCEAS_004","COL",302.572784576818,43.3550497536762,2876
2176169181,45.80466,-127.77908,2024-08-23 02:36:00,"R","0-2571518","MessageType: UNLIMITED-TRACK, Battery State: GOOD",TRUE,0.108325501808833,"CalCurCEAS_004","COL",270.000057357385,12.4376703644503,2876
2176170731,45.80466,-127.77924,2024-08-23 02:41:36,"U","0-2571709","MessageType: UNLIMITED-TRACK, Battery State: GOOD",TRUE,0.0619466761962967,"CalCurCEAS_004","COL",245.175589774816,58.241938320761,2876
2176179374,45.80444,-127.77992,2024-08-23 03:12:25,"U","0-2571709","MessageType: UNLIMITED-TRACK, Battery State: GOOD",TRUE,0.0611083614614799,"CalCurCEAS_004","COL",223.274016608756,39.6908888726084,2876
2176185278,45.80418,-127.78027,2024-08-23 03:35:29,"R","0-2571518","MessageType: UNLIMITED-TRACK, Battery State: GOOD",TRUE,0.0580464877759509,"CalCurCEAS_004","COL",214.968852316927,14.9197794180302,2876
2176187869,45.80407,-127.78038,2024-08-23 03:45:12,"U","0-2571709","MessageType: UNLIMITED-TRACK, Battery State: GOOD",TRUE,0.0537487865170743,"CalCurCEAS_004","COL",210.23518353434,54.0321010274165,2876
2176194625,45.80365,-127.78073,2024-08-23 04:12:18,"U","0-2571709","MessageType: UNLIMITED-TRACK, Battery State: GOOD",TRUE,0.0644663443992546,"CalCurCEAS_004","COL",192.328915122594,18.2034036641859,2876
2176200146,45.80349,-127.78078,2024-08-23 04:35:26,"R","0-2571518","MessageType: UNLIMITED-TRACK, Battery State: GOOD",TRUE,0.0465627538125731,"CalCurCEAS_004","COL",118.198851441974,7.05648189929799,2876
2176201535,45.80346,-127.7807,2024-08-23 04:41:06,"U","0-2571709","MessageType: UNLIMITED-TRACK, Battery State: GOOD",TRUE,0.0238530196721975,"CalCurCEAS_004","COL",69.8134326002231,28.9885994207403,2876
2176209189,45.80355,-127.78035,2024-08-23 05:12:45,"U","0-2571709","MessageType: UNLIMITED-TRACK, Battery State: GOOD",TRUE,0.0296144722886973,"CalCurCEAS_004","COL",110.773129520822,40.7396063584297,2876
2176215054,45.80342,-127.77986,2024-08-23 05:35:18,"R","0-2571518","MessageType: UNLIMITED-TRACK, Battery State: GOOD",TRUE,0.0388540656145595,"CalCurCEAS_004","COL",143.153375469287,19.4448725291017,2876
2176217551,45.80328,-127.77971,2024-08-23 05:44:31,"U","0-2571709","MessageType: UNLIMITED-TRACK, Battery State: GOOD",TRUE,0.0591383366962703,"CalCurCEAS_004","COL",121.002306499216,62.5786279378537,2876
2176224903,45.80299,-127.77902,2024-08-23 06:10:44,"U","0-2571709","MessageType: UNLIMITED-TRACK, Battery State: GOOD",TRUE,0.0771789816906778,"CalCurCEAS_004","COL",118.935509709068,66.6201631038251,2876
2176231596,45.8027,-127.77827,2024-08-23 06:34:31,"R","0-2571518","MessageType: UNLIMITED-TRACK, Battery State: GOOD",TRUE,0.0803997728036924,"CalCurCEAS_004","COL",120.486342157574,30.6713535030962,2876
2176241756,45.80256,-127.77793,2024-08-23 06:40:42,"U","0-2571709","MessageType: UNLIMITED-TRACK, Battery State: GOOD",TRUE,0.104966978695914,"CalCurCEAS_004","COL",127.406575593306,126.247077016757,2876
2176241727,45.80187,-127.77664,2024-08-23 07:10:42,"U","0-2571709","MessageType: UNLIMITED-TRACK, Battery State: GOOD",TRUE,0.13606629411806,"CalCurCEAS_004","COL",128.832870750262,118.759269134909,2876
2176248089,45.8012,-127.77545,2024-08-23 07:33:58,"R","0-2571518","MessageType: UNLIMITED-TRACK, Battery State: GOOD",TRUE,0.149793083681624,"CalCurCEAS_004","COL",141.362627741843,39.8421436708652,2876
2176249983,45.80092,-127.77513,2024-08-23 07:41:29,"U","0-2571709","MessageType: UNLIMITED-TRACK, Battery State: GOOD",TRUE,0.165839415860886,"CalCurCEAS_004","COL",167.285191370726,176.609236230445,2876
2176258249,45.79937,-127.77463,2024-08-23 08:11:28,"U","0-2571709","MessageType: UNLIMITED-TRACK, Battery State: GOOD",TRUE,0.190451316446395,"CalCurCEAS_004","COL",181.405933588184,190.119255995679,2882
2176266162,45.79766,-127.77469,2024-08-23 08:41:25,"U","0-2571709","MessageType: UNLIMITED-TRACK, Battery State: GOOD",TRUE,0.205248389889604,"CalCurCEAS_004","COL",198.284552945856,232.944114331579,2882
2176274600,45.79567,-127.77563,2024-08-23 09:14:11,"U","0-2571709","MessageType: UNLIMITED-TRACK, Battery State: GOOD",TRUE,0.229863469889758,"CalCurCEAS_004","COL",209.662408322362,144.536659212279,2876
2176296069,45.79454,-127.77655,2024-08-23 09:33:19,"R","0-2571518","MessageType: UNLIMITED-TRACK, Battery State: GOOD",TRUE,0.201874078290607,"CalCurCEAS_004","COL",216.265539093693,56.5189083658277,2876
2176282034,45.79413,-127.77698,2024-08-23 09:41:54,"U","0-2571709","MessageType: UNLIMITED-TRACK, Battery State: GOOD",TRUE,0.234229985973949,"CalCurCEAS_004","COL",219.836424689154,233.039225408528,2876
2176289755,45.79252,-127.7789,2024-08-23 10:10:16,"U","0-2571709","MessageType: UNLIMITED-TRACK, Battery State: GOOD",TRUE,0.265626379137805,"CalCurCEAS_004","COL",221.288984175928,208.56797252711,2876
2176296047,45.79111,-127.78067,2024-08-23 10:33:19,"R","0-2571518","MessageType: UNLIMITED-TRACK, Battery State: GOOD",TRUE,0.268340993230574,"CalCurCEAS_004","COL",222.418689900455,73.7731472220903,2867
2176298658,45.79062,-127.78131,2024-08-23 10:40:55,"U","0-2571709","MessageType: UNLIMITED-TRACK, Battery State: GOOD",TRUE,0.297836419577374,"CalCurCEAS_004","COL",223.182675216041,312.473569472394,2867
2176307777,45.78857,-127.78406,2024-08-23 11:10:06,"U","0-2571709","MessageType: UNLIMITED-TRACK, Battery State: GOOD",TRUE,0.346201441905451,"CalCurCEAS_004","COL",235.101254985602,198.151488288063,2867
2176315677,45.78755,-127.78615,2024-08-23 11:33:24,"R","0-2571518","MessageType: UNLIMITED-TRACK, Battery State: GOOD",TRUE,0.31292501553126,"CalCurCEAS_004","COL",236.155707539692,75.8353986466891,2867
2176318504,45.78717,-127.78696,2024-08-23 11:41:22,"U","0-2571709","MessageType: UNLIMITED-TRACK, Battery State: GOOD",TRUE,0.283324355576681,"CalCurCEAS_004","COL",238.400390728427,282.111978148909,2867
2176329108,45.78584,-127.79005,2024-08-23 12:09:59,"U","0-2571709","MessageType: UNLIMITED-TRACK, Battery State: GOOD",TRUE,0.318752031222413,"CalCurCEAS_004","COL",231.910768030158,214.403250125238,2867
2176337869,45.78465,-127.79222,2024-08-23 12:32:48,"R","0-2571518","MessageType: UNLIMITED-TRACK, Battery State: GOOD",TRUE,0.311122257290435,"CalCurCEAS_004","COL",236.296782435571,70.1060276620252,2858
2176341283,45.7843,-127.79297,2024-08-23 12:41:17,"U","0-2571709","MessageType: UNLIMITED-TRACK, Battery State: GOOD",TRUE,0.293742039342032,"CalCurCEAS_004","COL",237.423516024124,235.324382036459,2858
2176353578,45.78316,-127.79552,2024-08-23 13:09:53,"U","0-2571709","MessageType: UNLIMITED-TRACK, Battery State: GOOD",TRUE,0.266042716288305,"CalCurCEAS_004","COL",243.193621317563,172.51669490774,2858
2176364157,45.78246,-127.7975,2024-08-23 13:33:18,"R","0-2571518","MessageType: UNLIMITED-TRACK, Battery State: GOOD",TRUE,0.255099922446211,"CalCurCEAS_004","COL",252.271249930408,62.0493747042009,2858
2176367958,45.78229,-127.79826,2024-08-23 13:41:23,"U","0-2571709","MessageType: UNLIMITED-TRACK, Battery State: GOOD",TRUE,0.240183937226049,"CalCurCEAS_004","COL",255.058598721739,193.977251511314,2858
2176380885,45.78184,-127.80067,2024-08-23 14:09:46,"U","0-2571709","MessageType: UNLIMITED-TRACK, Battery State: GOOD",TRUE,0.220972324093922,"CalCurCEAS_004","COL",269.46534323771,118.988975736834,2858
2176391756,45.78183,-127.8022,2024-08-23 14:32:22,"R","0-2571518","MessageType: UNLIMITED-TRACK, Battery State: GOOD",TRUE,0.203716801963087,"CalCurCEAS_004","COL",281.028563174434,34.8613467799435,2858
2176395784,45.78189,-127.80264,2024-08-23 14:40:55,"U","0-2571709","MessageType: UNLIMITED-TRACK, Battery State: GOOD",TRUE,0.159125696643813,"CalCurCEAS_004","COL",265.853970101486,107.600324075769,2858
2176410129,45.78182,-127.80402,2024-08-23 15:09:29,"U","0-2571709","MessageType: UNLIMITED-TRACK, Battery State: GOOD",TRUE,0.121787998078758,"CalCurCEAS_004","COL",246.882089561155,65.1093486606152,2858
2176421220,45.78159,-127.80479,2024-08-23 15:31:59,"R","0-2571518","MessageType: UNLIMITED-TRACK, Battery State: GOOD",TRUE,0.110193396881352,"CalCurCEAS_004","COL",236.076367012939,31.8650288490405,2858
2176425798,45.78143,-127.80513,2024-08-23 15:40:52,"U","0-2571709","MessageType: UNLIMITED-TRACK, Battery State: GOOD",TRUE,0.0995183082770155,"CalCurCEAS_004","COL",226.900016103154,89.4671375333942,2858
2176440765,45.78088,-127.80597,2024-08-23 16:10:47,"U","0-2571709","MessageType: UNLIMITED-TRACK, Battery State: GOOD",TRUE,0.0966942879191001,"CalCurCEAS_004","COL",218.001644423508,84.6301851845815,2858
2176451853,45.78028,-127.80664,2024-08-23 16:32:48,"R","0-2571518","MessageType: UNLIMITED-TRACK, Battery State: GOOD",TRUE,0.10882546252332,"CalCurCEAS_004","COL",205.997171129081,40.8075783763974,2858
2176455617,45.77995,-127.80687,2024-08-23 16:40:48,"U","0-2571709","MessageType: UNLIMITED-TRACK, Battery State: GOOD",TRUE,0.134468899869366,"CalCurCEAS_004","COL",211.509467184037,147.316966750511,2858
2176470036,45.77882,-127.80786,2024-08-23 17:09:09,"U","0-2571709","MessageType: UNLIMITED-TRACK, Battery State: GOOD",TRUE,0.168015823336855,"CalCurCEAS_004","COL",204.108545305224,104.720708430416,2858
2176480556,45.77796,-127.80841,2024-08-23 17:30:33,"R","0-2571518","MessageType: UNLIMITED-TRACK, Battery State: GOOD",TRUE,0.163655995367242,"CalCurCEAS_004","COL",205.760715611438,35.789469889187,2852
2176485797,45.77767,-127.80861,2024-08-23 17:40:00,"U","0-2571709","MessageType: UNLIMITED-TRACK, Battery State: GOOD",TRUE,0.147254577290837,"CalCurCEAS_004","COL",235.102811942325,79.6529749990975,2852
2176500868,45.77726,-127.80945,2024-08-23 18:09:02,"U","0-2571709","MessageType: UNLIMITED-TRACK, Battery State: GOOD",TRUE,0.0887065278405563,"CalCurCEAS_004","COL",229.529525572401,68.497262427142,2852
2176512179,45.77686,-127.81012,2024-08-23 18:31:32,"R","0-2571518","MessageType: UNLIMITED-TRACK, Battery State: GOOD",TRUE,0.095781231002926,"CalCurCEAS_004","COL",237.355249528188,26.7858679556223,2852
2176516832,45.77673,-127.81041,2024-08-23 18:40:23,"U","0-2571709","MessageType: UNLIMITED-TRACK, Battery State: GOOD",TRUE,0.0980866534878273,"CalCurCEAS_004","COL",257.244131049775,80.5399944963703,2852
2176530524,45.77657,-127.81142,2024-08-23 19:08:47,"U","0-2571709","MessageType: UNLIMITED-TRACK, Battery State: GOOD",TRUE,0.0916945946730976,"CalCurCEAS_004","COL",303.564824191716,52.2687680615275,2852
2176541310,45.77683,-127.81198,2024-08-23 19:31:58,"R","0-2571518","MessageType: UNLIMITED-TRACK, Battery State: GOOD",TRUE,0.0774171718524784,"CalCurCEAS_004","COL",316.985556804881,13.6809120278669,2852
2176545122,45.77692,-127.8121,2024-08-23 19:39:47,"U","0-2571709","MessageType: UNLIMITED-TRACK, Battery State: GOOD",TRUE,0.0684766773633894,"CalCurCEAS_004","COL",290.124980110537,64.608210243527,2852
2176559789,45.77712,-127.81288,2024-08-23 20:12:22,"U","0-2571709","MessageType: UNLIMITED-TRACK, Battery State: GOOD",TRUE,0.0641124950754181,"CalCurCEAS_004","COL",228.019149498552,56.4969812643956,2852
2176568138,45.77678,-127.81342,2024-08-23 20:31:30,"R","0-2571518","MessageType: UNLIMITED-TRACK, Battery State: GOOD",TRUE,0.0609006870613066,"CalCurCEAS_004","COL",238.513918238022,31.9208452127652,2852
2176571514,45.77663,-127.81377,2024-08-23 20:39:30,"U","0-2571709","MessageType: UNLIMITED-TRACK, Battery State: GOOD",TRUE,0.104955352673799,"CalCurCEAS_004","COL",234.693514958786,107.69386761535,2852
2176583533,45.77607,-127.8149,2024-08-23 21:08:26,"U","0-2571709","MessageType: UNLIMITED-TRACK, Battery State: GOOD",TRUE,0.120349137772915,"CalCurCEAS_004","COL",244.895044916561,104.785257347501,2852
2176592444,45.77567,-127.81612,2024-08-23 21:31:18,"R","0-2571518","MessageType: UNLIMITED-TRACK, Battery State: GOOD",TRUE,0.131686613965646,"CalCurCEAS_004","COL",242.961238868163,36.6744496325302,2852
2176595590,45.77552,-127.81654,2024-08-23 21:39:54,"U","0-2571709","MessageType: UNLIMITED-TRACK, Battery State: GOOD",TRUE,0.145339958566524,"CalCurCEAS_004","COL",237.715850044018,87.3987159497882,2852
2176606772,45.7751,-127.81749,2024-08-23 22:08:11,"U","0-2571709","MessageType: UNLIMITED-TRACK, Battery State: GOOD",TRUE,0.099913676454089,"CalCurCEAS_004","COL",220.886717068701,86.7406990463452,2852
2176615374,45.77451,-127.81822,2024-08-23 22:31:23,"R","0-2571518","MessageType: UNLIMITED-TRACK, Battery State: GOOD",TRUE,0.111979981202854,"CalCurCEAS_004","COL",213.79634801015,30.76191692829,2844
2176617986,45.77428,-127.81844,2024-08-23 22:39:00,"U","0-2571709","MessageType: UNLIMITED-TRACK, Battery State: GOOD",TRUE,0.123103286772483,"CalCurCEAS_004","COL",219.51429426243,161.359928724673,2844
2176628664,45.77316,-127.81976,2024-08-23 23:07:55,"U","0-2571709","MessageType: UNLIMITED-TRACK, Battery State: GOOD",TRUE,0.18042551108119,"CalCurCEAS_004","COL",226.089313880453,102.566475882816,2844
2176637051,45.77252,-127.82071,2024-08-23 23:31:24,"R","0-2571518","MessageType: UNLIMITED-TRACK, Battery State: GOOD",TRUE,0.158383224259537,"CalCurCEAS_004","COL",258.849931973161,22.9902156035831,2844
2176639815,45.77248,-127.821,2024-08-23 23:39:17,"U","0-2571709","MessageType: UNLIMITED-TRACK, Battery State: GOOD",TRUE,0.12630915267054,"CalCurCEAS_004","COL",250.969602611695,71.5812356293177,2844
2176649677,45.77227,-127.82187,2024-08-24 00:07:31,"U","0-2571709","MessageType: UNLIMITED-TRACK, Battery State: GOOD",TRUE,0.081976149422005,"CalCurCEAS_004","COL",235.400299128865,54.8059123128311,2844
2176657328,45.77199,-127.82245,2024-08-24 00:30:31,"R","0-2571518","MessageType: UNLIMITED-TRACK, Battery State: GOOD",TRUE,0.0807299214561209,"CalCurCEAS_004","COL",200.32890938466,20.1500322686317,2844
2176659719,45.77182,-127.82254,2024-08-24 00:38:17,"U","0-2571709","MessageType: UNLIMITED-TRACK, Battery State: GOOD",TRUE,0.0759095775216441,"CalCurCEAS_004","COL",195.707871518366,123.540721928884,2844
2176668527,45.77075,-127.82297,2024-08-24 01:07:12,"U","0-2571709","MessageType: UNLIMITED-TRACK, Battery State: GOOD",TRUE,0.138137752473796,"CalCurCEAS_004","COL",199.804341786628,121.677714215944,2844
2176675340,45.76972,-127.8235,2024-08-24 01:30:31,"R","0-2571518","MessageType: UNLIMITED-TRACK, Battery State: GOOD",TRUE,0.142909447113174,"CalCurCEAS_004","COL",207.402060506812,33.8022757851607,2844
2176677593,45.76945,-127.8237,2024-08-24 01:37:54,"U","0-2571709","MessageType: UNLIMITED-TRACK, Battery State: GOOD",TRUE,0.16350719480298,"CalCurCEAS_004","COL",194.11180710549,118.043482246157,2844
2176685478,45.76842,-127.82407,2024-08-24 02:07:05,"U","0-2571709","MessageType: UNLIMITED-TRACK, Battery State: GOOD",TRUE,0.130784897520014,"CalCurCEAS_004","COL",191.585654770701,112.323809878431,2844
2176691858,45.76743,-127.82436,2024-08-24 02:31:53,"R","0-2571518","MessageType: UNLIMITED-TRACK, Battery State: GOOD",TRUE,0.138661144271276,"CalCurCEAS_004","COL",192.855712917569,52.4420435944464,2844
2176693955,45.76697,-127.82451,2024-08-24 02:40:19,"U","0-2571709","MessageType: UNLIMITED-TRACK, Battery State: GOOD",TRUE,0.160295241154213,"CalCurCEAS_004","COL",188.954300517376,214.909339898166,2844
2176700430,45.76506,-127.82494,2024-08-24 03:07:00,"U","0-2571709","MessageType: UNLIMITED-TRACK, Battery State: GOOD",TRUE,0.260414815366922,"CalCurCEAS_004","COL",196.480356256532,224.862294841016,2844
2176706117,45.76312,-127.82576,2024-08-24 03:31:02,"R","0-2571518","MessageType: UNLIMITED-TRACK, Battery State: GOOD",TRUE,0.268542098026441,"CalCurCEAS_004","COL",201.584120194249,54.9829293224184,2844
2176707371,45.76266,-127.82602,2024-08-24 03:36:58,"U","0-2571709","MessageType: UNLIMITED-TRACK, Battery State: GOOD",TRUE,0.301757359118757,"CalCurCEAS_004","COL",203.761043007521,268.382972897167,2844
2176714333,45.76045,-127.82741,2024-08-24 04:08:00,"U","0-2571709","MessageType: UNLIMITED-TRACK, Battery State: GOOD",TRUE,0.279625653824116,"CalCurCEAS_004","COL",206.05769263172,258.579428705684,2844
2176720627,45.75836,-127.82887,2024-08-24 04:37:55,"U","0-2571709","MessageType: UNLIMITED-TRACK, Battery State: GOOD",TRUE,0.27946746055099,"CalCurCEAS_004","COL",209.619561155584,251.870359636368,2844
2176726860,45.75639,-127.83047,2024-08-24 05:07:30,"U","0-2571709","MessageType: UNLIMITED-TRACK, Battery State: GOOD",TRUE,0.275283660672989,"CalCurCEAS_004","COL",206.233061478408,188.340623001899,2847
2176731991,45.75487,-127.83154,2024-08-24 05:29:49,"R","0-2571518","MessageType: UNLIMITED-TRACK, Battery State: GOOD",TRUE,0.277998408791404,"CalCurCEAS_004","COL",209.539657179284,53.6559745292316,2847
2176733532,45.75445,-127.83188,2024-08-24 05:36:28,"U","0-2571709","MessageType: UNLIMITED-TRACK, Battery State: GOOD",TRUE,0.27004513553319,"CalCurCEAS_004","COL",210.020203794671,242.612391570487,2847
2176740944,45.75256,-127.83344,2024-08-24 06:07:20,"U","0-2571709","MessageType: UNLIMITED-TRACK, Battery State: GOOD",TRUE,0.254140410176428,"CalCurCEAS_004","COL",227.460405461025,159.460203736399,2847
2176745697,45.75159,-127.83495,2024-08-24 06:27:18,"R","0-2571518","MessageType: UNLIMITED-TRACK, Battery State: GOOD",TRUE,0.25361630537474,"CalCurCEAS_004","COL",240.529591434248,81.3301611567943,2847
2176748737,45.75123,-127.83586,2024-08-24 06:39:53,"U","0-2571709","MessageType: UNLIMITED-TRACK, Battery State: GOOD",TRUE,0.237797488349659,"CalCurCEAS_004","COL",266.420768995288,106.807764824582,2847
2176755529,45.75117,-127.83723,2024-08-24 07:06:46,"U","0-2571709","MessageType: UNLIMITED-TRACK, Battery State: GOOD",TRUE,0.128460671890693,"CalCurCEAS_004","COL",270.000318760706,69.2507233810275,2847
2176760973,45.75117,-127.83812,2024-08-24 07:28:23,"R","0-2571518","MessageType: UNLIMITED-TRACK, Battery State: GOOD",TRUE,0.132880575161333,"CalCurCEAS_004","COL",272.556026021439,24.923929085596,2847
2176762813,45.75118,-127.83844,2024-08-24 07:35:47,"U","0-2571709","MessageType: UNLIMITED-TRACK, Battery State: GOOD",TRUE,0.104918689785368,"CalCurCEAS_004","COL",277.222269403792,97.2555814412066,2847
2176770204,45.75129,-127.83968,2024-08-24 08:06:29,"U","0-2571709","MessageType: UNLIMITED-TRACK, Battery State: GOOD",TRUE,0.102429874047742,"CalCurCEAS_004","COL",272.973657233438,42.8529857624819,2847
2176775026,45.75131,-127.84023,2024-08-24 08:27:47,"R","0-2571518","MessageType: UNLIMITED-TRACK, Battery State: GOOD",TRUE,0.0897681241819479,"CalCurCEAS_004","COL",240.947690670617,16.0216422533528,2847
2176776898,45.75124,-127.84041,2024-08-24 08:35:43,"U","0-2571709","MessageType: UNLIMITED-TRACK, Battery State: GOOD",TRUE,0.0631244046233521,"CalCurCEAS_004","COL",244.205782069802,114.940056541744,2847
2176784259,45.75079,-127.84174,2024-08-24 09:06:30,"U","0-2571709","MessageType: UNLIMITED-TRACK, Battery State: GOOD",TRUE,0.120727509307517,"CalCurCEAS_004","COL",240.769476575878,86.4899895062778,2852
2176789368,45.75041,-127.84271,2024-08-24 09:26:59,"R","0-2571518","MessageType: UNLIMITED-TRACK, Battery State: GOOD",TRUE,0.118713469942236,"CalCurCEAS_004","COL",241.106379186492,39.1046996345186,2852
2176791489,45.75024,-127.84315,2024-08-24 09:35:31,"U","0-2571709","MessageType: UNLIMITED-TRACK, Battery State: GOOD",TRUE,0.139949908132684,"CalCurCEAS_004","COL",239.155578098294,160.416314945559,2852
2176798839,45.7495,-127.84492,2024-08-24 10:06:53,"U","0-2571709","MessageType: UNLIMITED-TRACK, Battery State: GOOD",TRUE,0.165360069603817,"CalCurCEAS_004","COL",239.138170592482,88.8348445019505,2852
2176803565,45.74909,-127.8459,2024-08-24 10:26:22,"R","0-2571518","MessageType: UNLIMITED-TRACK, Battery State: GOOD",TRUE,0.156994707595408,"CalCurCEAS_004","COL",245.787896952397,46.0717516576742,2852
2176805734,45.74892,-127.84644,2024-08-24 10:35:12,"U","0-2571709","MessageType: UNLIMITED-TRACK, Battery State: GOOD",TRUE,0.15380957690356,"CalCurCEAS_004","COL",245.273949891099,156.772345604591,2852
2176814467,45.74833,-127.84827,2024-08-24 11:05:53,"U","0-2571709","MessageType: UNLIMITED-TRACK, Battery State: GOOD",TRUE,0.165202797649597,"CalCurCEAS_004","COL",241.825389768983,105.928411862214,2852
2176820618,45.74788,-127.84947,2024-08-24 11:27:17,"R","0-2571518","MessageType: UNLIMITED-TRACK, Battery State: GOOD",TRUE,0.163817991103897,"CalCurCEAS_004","COL",247.119785915934,37.1623472783194,2852
2176823045,45.74775,-127.84991,2024-08-24 11:34:52,"U","0-2571709","MessageType: UNLIMITED-TRACK, Battery State: GOOD",TRUE,0.159498683096556,"CalCurCEAS_004","COL",247.062096121929,182.513070462067,2852
2176833160,45.74711,-127.85207,2024-08-24 12:05:47,"U","0-2571709","MessageType: UNLIMITED-TRACK, Battery State: GOOD",TRUE,0.190876203070841,"CalCurCEAS_004","COL",245.072701527755,108.12030579554,2852
2176840064,45.7467,-127.85333,2024-08-24 12:25:13,"R","0-2571518","MessageType: UNLIMITED-TRACK, Battery State: GOOD",TRUE,0.182922395533357,"CalCurCEAS_004","COL",245.099212002531,34.3166103712323,2852
2176843520,45.74657,-127.85373,2024-08-24 12:34:34,"U","0-2571709","MessageType: UNLIMITED-TRACK, Battery State: GOOD",TRUE,0.160004407399939,"CalCurCEAS_004","COL",241.148923641758,62.1909307408496,2852
2176856338,45.7463,-127.85443,2024-08-24 13:05:48,"U","0-2571709","MessageType: UNLIMITED-TRACK, Battery State: GOOD",TRUE,0.0643812196570162,"CalCurCEAS_004","COL",302.407686674602,16.590893957913,2852
2176864928,45.74638,-127.85461,2024-08-24 13:26:02,"R","0-2571518","MessageType: UNLIMITED-TRACK, Battery State: GOOD",TRUE,0.0562299184043999,"CalCurCEAS_004","COL",254.057366160738,8.09292514930726,2852
2176868735,45.74636,-127.85471,2024-08-24 13:34:12,"U","0-2571709","MessageType: UNLIMITED-TRACK, Battery State: GOOD",TRUE,0.0259421857867317,"CalCurCEAS_004","COL",205.020918523877,18.3985943188184,2852
2176883085,45.74621,-127.85481,2024-08-24 14:05:00,"U","0-2571709","MessageType: UNLIMITED-TRACK, Battery State: GOOD",TRUE,0.0193145416550366,"CalCurCEAS_004","COL",137.692440843635,30.0581032628411,2852
2176893190,45.74601,-127.85455,2024-08-24 14:26:21,"R","0-2571518","MessageType: UNLIMITED-TRACK, Battery State: GOOD",TRUE,0.0221866261080585,"CalCurCEAS_004","COL",172.403927072619,23.5473710925275,2852
2176896784,45.7458,-127.85451,2024-08-24 14:33:58,"U","0-2571709","MessageType: UNLIMITED-TRACK, Battery State: GOOD",TRUE,0.0571526973264675,"CalCurCEAS_004","COL",185.858496312442,129.606674547303,2852
2176911821,45.74464,-127.85468,2024-08-24 15:04:55,"U","0-2571709","MessageType: UNLIMITED-TRACK, Battery State: GOOD",TRUE,0.135399541530301,"CalCurCEAS_004","COL",182.922603209548,106.839428557133,2852
2176921840,45.74368,-127.85475,2024-08-24 15:25:17,"R","0-2571518","MessageType: UNLIMITED-TRACK, Battery State: GOOD",TRUE,0.142338837812017,"CalCurCEAS_004","COL",210.758615191986,51.7362260619392,2852
2176926179,45.74328,-127.85509,2024-08-24 15:33:41,"U","0-2571709","MessageType: UNLIMITED-TRACK, Battery State: GOOD",TRUE,0.173644178768612,"CalCurCEAS_004","COL",194.566690132751,111.392491562694,2852
2176941656,45.74231,-127.85545,2024-08-24 16:04:49,"U","0-2571709","MessageType: UNLIMITED-TRACK, Battery State: GOOD",TRUE,0.115685992308151,"CalCurCEAS_004","COL",198.038696103776,50.2634500872458,2852
2176953518,45.74188,-127.85565,2024-08-24 16:26:48,"R","0-2571518","MessageType: UNLIMITED-TRACK, Battery State: GOOD",TRUE,0.111411483008906,"CalCurCEAS_004","COL",198.236991858762,19.894142178832,2852
2176958323,45.74171,-127.85573,2024-08-24 16:35:46,"U","0-2571709","MessageType: UNLIMITED-TRACK, Battery State: GOOD",TRUE,0.0732932488726818,"CalCurCEAS_004","COL",188.634381008248,93.3089022813719,2852
2176973041,45.74088,-127.85591,2024-08-24 17:04:25,"U","0-2571709","MessageType: UNLIMITED-TRACK, Battery State: GOOD",TRUE,0.105304985704399,"CalCurCEAS_004","COL",183.642242114751,73.504990844143,2868
2176983105,45.74022,-127.85597,2024-08-24 17:24:02,"R","0-2571518","MessageType: UNLIMITED-TRACK, Battery State: GOOD",TRUE,0.105178005709429,"CalCurCEAS_004","COL",186.656387450427,40.2841933427976,2868
2176987699,45.73986,-127.85603,2024-08-24 17:33:23,"U","0-2571709","MessageType: UNLIMITED-TRACK, Battery State: GOOD",TRUE,0.126974202603052,"CalCurCEAS_004","COL",182.148267016092,124.571322641465,2868
2177003475,45.73874,-127.85609,2024-08-24 18:04:48,"U","0-2571709","MessageType: UNLIMITED-TRACK, Battery State: GOOD",TRUE,0.128206029668139,"CalCurCEAS_004","COL",178.134593840189,95.6364183382184,2868
2177013157,45.73788,-127.85605,2024-08-24 18:24:55,"R","0-2571518","MessageType: UNLIMITED-TRACK, Battery State: GOOD",TRUE,0.13816149364201,"CalCurCEAS_004","COL",189.179273328131,43.9093124904674,2868
2177017156,45.73749,-127.85614,2024-08-24 18:33:07,"U","0-2571709","MessageType: UNLIMITED-TRACK, Battery State: GOOD",TRUE,0.158702321174011,"CalCurCEAS_004","COL",181.108204236513,201.212206011444,2868
2177032661,45.73568,-127.85619,2024-08-24 19:04:18,"U","0-2571709","MessageType: UNLIMITED-TRACK, Battery State: GOOD",TRUE,0.208632645463496,"CalCurCEAS_004","COL",186.201625639406,129.688459873008,2868
2177042352,45.73452,-127.85637,2024-08-24 19:24:49,"R","0-2571518","MessageType: UNLIMITED-TRACK, Battery State: GOOD",TRUE,0.202032423557551,"CalCurCEAS_004","COL",186.797406646968,52.6084684990595,2868
2177046162,45.73405,-127.85645,2024-08-24 19:32:59,"U","0-2571709","MessageType: UNLIMITED-TRACK, Battery State: GOOD",TRUE,0.205492221973489,"CalCurCEAS_004","COL",181.449969059636,184.561630724909,2868
2177060621,45.73239,-127.85651,2024-08-24 20:03:59,"U","0-2571709","MessageType: UNLIMITED-TRACK, Battery State: GOOD",TRUE,0.192499765379743,"CalCurCEAS_004","COL",188.420610679604,138.199472008514,2868
2177069502,45.73116,-127.85677,2024-08-24 20:24:16,"R","0-2571518","MessageType: UNLIMITED-TRACK, Battery State: GOOD",TRUE,0.203815001727348,"CalCurCEAS_004","COL",194.150401315489,85.9680064781641,2868
2177075084,45.73041,-127.85704,2024-08-24 20:36:40,"U","0-2571709","MessageType: UNLIMITED-TRACK, Battery State: GOOD",TRUE,0.221504776883295,"CalCurCEAS_004","COL",192.091405014563,193.235111866031,2868
2177086606,45.72871,-127.85756,2024-08-24 21:03:54,"U","0-2571709","MessageType: UNLIMITED-TRACK, Battery State: GOOD",TRUE,0.229422348237515,"CalCurCEAS_004","COL",205.578997810402,171.279461586304,2868
2177094747,45.72732,-127.85851,2024-08-24 21:23:55,"R","0-2571518","MessageType: UNLIMITED-TRACK, Battery State: GOOD",TRUE,0.242717414911958,"CalCurCEAS_004","COL",219.953032223468,73.9452235487568,2875
2177098456,45.72681,-127.85912,2024-08-24 21:32:43,"U","0-2571709","MessageType: UNLIMITED-TRACK, Battery State: GOOD",TRUE,0.27333059885938,"CalCurCEAS_004","COL",225.611848077107,287.585878944793,2875
2177110698,45.725,-127.86176,2024-08-24 22:03:29,"U","0-2571709","MessageType: UNLIMITED-TRACK, Battery State: GOOD",TRUE,0.302230013625623,"CalCurCEAS_004","COL",235.013400591508,193.838247805164,2875
2177118318,45.724,-127.8638,2024-08-24 22:23:49,"R","0-2571518","MessageType: UNLIMITED-TRACK, Battery State: GOOD",TRUE,0.29847168418034,"CalCurCEAS_004","COL",239.017745390275,97.1596206064788,2894
2177121710,45.72355,-127.86487,2024-08-24 22:32:36,"U","0-2571709","MessageType: UNLIMITED-TRACK, Battery State: GOOD",TRUE,0.322970260648451,"CalCurCEAS_004","COL",240.271099757249,277.913192027769,2894
2177133157,45.72231,-127.86797,2024-08-24 23:03:45,"U","0-2571709","MessageType: UNLIMITED-TRACK, Battery State: GOOD",TRUE,0.288470622008493,"CalCurCEAS_004","COL",247.809625873441,164.792856798598,2894
2177140476,45.72175,-127.86993,2024-08-24 23:24:00,"R","0-2571518","MessageType: UNLIMITED-TRACK, Battery State: GOOD",TRUE,0.289452843125054,"CalCurCEAS_004","COL",249.937110676547,71.2771791843994,2894
2177143451,45.72153,-127.87079,2024-08-24 23:32:27,"U","0-2571709","MessageType: UNLIMITED-TRACK, Battery State: GOOD",TRUE,0.265917097003098,"CalCurCEAS_004","COL",264.425789481876,274.556417749323,2894
2177154637,45.72129,-127.8743,2024-08-25 00:03:25,"U","0-2571709","MessageType: UNLIMITED-TRACK, Battery State: GOOD",TRUE,0.286673547057958,"CalCurCEAS_004","COL",270.000719531963,156.48113508856,2894
2177160941,45.72129,-127.87631,2024-08-25 00:21:25,"R","0-2571518","MessageType: UNLIMITED-TRACK, Battery State: GOOD",TRUE,0.281181063867353,"CalCurCEAS_004","COL",282.923075302086,89.4590791358757,2893
2177164235,45.72147,-127.87743,2024-08-25 00:32:09,"U","0-2571709","MessageType: UNLIMITED-TRACK, Battery State: GOOD",TRUE,0.275126787728726,"CalCurCEAS_004","COL",278.266692486447,224.203958204306,2893
2177174235,45.72176,-127.88028,2024-08-25 01:03:19,"U","0-2571709","MessageType: UNLIMITED-TRACK, Battery State: GOOD",TRUE,0.232596619741366,"CalCurCEAS_004","COL",294.575344728874,109.573843021052,2893
2177179971,45.72217,-127.88156,2024-08-25 01:23:16,"R","0-2571518","MessageType: UNLIMITED-TRACK, Battery State: GOOD",TRUE,0.219697465796465,"CalCurCEAS_004","COL",314.982559230178,44.0250414458339,2893
2177182438,45.72245,-127.88196,2024-08-25 01:31:56,"U","0-2571709","MessageType: UNLIMITED-TRACK, Battery State: GOOD",TRUE,0.171306142926324,"CalCurCEAS_004","COL",313.785514788248,154.2010500546,2893
2177191696,45.72341,-127.88339,2024-08-25 02:02:57,"U","0-2571709","MessageType: UNLIMITED-TRACK, Battery State: GOOD",TRUE,0.160746930202001,"CalCurCEAS_004","COL",304.505881959568,76.5188495646279,2893
2177196923,45.7238,-127.8842,2024-08-25 02:20:55,"R","0-2571518","MessageType: UNLIMITED-TRACK, Battery State: GOOD",TRUE,0.153658878296736,"CalCurCEAS_004","COL",332.81346439522,18.7424946394974,2893
2177200974,45.72395,-127.88431,2024-08-25 02:35:36,"U","0-2571709","MessageType: UNLIMITED-TRACK, Battery State: GOOD",TRUE,0.092537284414784,"CalCurCEAS_004","COL",269.507815461137,129.23183467842,2893
2177207992,45.72394,-127.88597,2024-08-25 03:02:59,"U","0-2571709","MessageType: UNLIMITED-TRACK, Battery State: GOOD",TRUE,0.152592671500995,"CalCurCEAS_004","COL",267.028200659897,42.8738699580615,2893
2177212751,45.72392,-127.88652,2024-08-25 03:22:30,"R","0-2571518","MessageType: UNLIMITED-TRACK, Battery State: GOOD",TRUE,0.0950828743549304,"CalCurCEAS_004","COL",270.000060858661,13.2341019003047,2893
2177215001,45.72392,-127.88669,2024-08-25 03:31:35,"U","0-2571709","MessageType: UNLIMITED-TRACK, Battery State: GOOD",TRUE,0.0634167078903674,"CalCurCEAS_004","COL",211.716597627447,44.4238830153344,2893
2177222565,45.72358,-127.88699,2024-08-25 04:02:23,"U","0-2571709","MessageType: UNLIMITED-TRACK, Battery State: GOOD",TRUE,0.0466354616070069,"CalCurCEAS_004","COL",199.300646189705,14.1317519261998,2893
2177226973,45.72346,-127.88705,2024-08-25 04:20:37,"R","0-2571518","MessageType: UNLIMITED-TRACK, Battery State: GOOD",TRUE,0.0365516307342321,"CalCurCEAS_004","COL",180,3.33437745481361,2893
2177229502,45.72343,-127.88705,2024-08-25 04:31:14,"U","0-2571709","MessageType: UNLIMITED-TRACK, Battery State: GOOD",TRUE,0.0194043045091629,"CalCurCEAS_004","COL",164.011022180794,76.3082722080119,2893
2177236488,45.72277,-127.88678,2024-08-25 05:02:27,"U","0-2571709","MessageType: UNLIMITED-TRACK, Battery State: GOOD",TRUE,0.0790379327728474,"CalCurCEAS_004","COL",161.503102973922,78.5241941519246,2893
2177241303,45.7221,-127.88646,2024-08-25 05:22:25,"R","0-2571518","MessageType: UNLIMITED-TRACK, Battery State: GOOD",TRUE,0.0826554547911017,"CalCurCEAS_004","COL",151.335296233753,51.9347964847697,2893
2177244447,45.72169,-127.88614,2024-08-25 05:34:53,"U","0-2571709","MessageType: UNLIMITED-TRACK, Battery State: GOOD",TRUE,0.129566381910648,"CalCurCEAS_004","COL",159.711501047768,127.977276845024,2893
2177251479,45.72061,-127.88557,2024-08-25 06:02:28,"U","0-2571709","MessageType: UNLIMITED-TRACK, Battery State: GOOD",TRUE,0.150015659866675,"CalCurCEAS_004","COL",143.836434966776,63.3280307055911,2893
2177255811,45.72015,-127.88509,2024-08-25 06:20:00,"R","0-2571518","MessageType: UNLIMITED-TRACK, Battery State: GOOD",TRUE,0.135635093514558,"CalCurCEAS_004","COL",130.022958208721,34.5658580605301,2893
2177258579,45.71995,-127.88475,2024-08-25 06:30:51,"U","0-2571709","MessageType: UNLIMITED-TRACK, Battery State: GOOD",TRUE,0.110778203196483,"CalCurCEAS_004","COL",132.290413806726,118.926617279516,2893
2177266024,45.71923,-127.88362,2024-08-25 07:01:48,"U","0-2571709","MessageType: UNLIMITED-TRACK, Battery State: GOOD",TRUE,0.124242131137459,"CalCurCEAS_004","COL",158.904858272903,82.199207119716,2893
2177271042,45.71854,-127.88324,2024-08-25 07:20:48,"R","0-2571518","MessageType: UNLIMITED-TRACK, Battery State: GOOD",TRUE,0.122158418800139,"CalCurCEAS_004","COL",170.067035066508,54.1618569986309,2893
2177273693,45.71806,-127.88312,2024-08-25 07:31:47,"U","0-2571709","MessageType: UNLIMITED-TRACK, Battery State: GOOD",TRUE,0.146381111683829,"CalCurCEAS_004","COL",175.966159478834,166.018505712993,2893
2177281236,45.71657,-127.88297,2024-08-25 08:01:47,"U","0-2571709","MessageType: UNLIMITED-TRACK, Battery State: GOOD",TRUE,0.178931056157337,"CalCurCEAS_004","COL",176.064211963284,124.777531587482,2893
2177285761,45.71545,-127.88286,2024-08-25 08:20:30,"R","0-2571518","MessageType: UNLIMITED-TRACK, Battery State: GOOD",TRUE,0.186695195515757,"CalCurCEAS_004","COL",181.744553158739,76.7261319141294,2893
2177295542,45.71476,-127.88289,2024-08-25 08:31:47,"U","0-2571709","MessageType: UNLIMITED-TRACK, Battery State: GOOD",TRUE,0.216924586440597,"CalCurCEAS_004","COL",184.489105838542,258.651526275427,2893
2177295525,45.71244,-127.88315,2024-08-25 09:01:47,"U","0-2571709","MessageType: UNLIMITED-TRACK, Battery State: GOOD",TRUE,0.27876886720796,"CalCurCEAS_004","COL",187.798358029752,149.20360626342,2893
2177300016,45.71111,-127.88341,2024-08-25 09:20:24,"R","0-2571518","MessageType: UNLIMITED-TRACK, Battery State: GOOD",TRUE,0.261403189801025,"CalCurCEAS_004","COL",198.500517790949,78.5256934295517,2893
2177302359,45.71044,-127.88373,2024-08-25 09:30:04,"U","0-2571709","MessageType: UNLIMITED-TRACK, Battery State: GOOD",TRUE,0.259313636682787,"CalCurCEAS_004","COL",204.944896041583,295.418174271295,2893
2177316065,45.70803,-127.88533,2024-08-25 09:59:45,"U","0-2571709","MessageType: UNLIMITED-TRACK, Battery State: GOOD",TRUE,0.321791834972663,"CalCurCEAS_004","COL",204.888048513956,181.33529930956,2911
2177313994,45.70655,-127.88631,2024-08-25 10:20:18,"R","0-2571518","MessageType: UNLIMITED-TRACK, Battery State: GOOD",TRUE,0.299504747662612,"CalCurCEAS_004","COL",207.616047062081,94.0768499159708,2911
2177316035,45.7058,-127.88687,2024-08-25 10:29:45,"U","0-2571709","MessageType: UNLIMITED-TRACK, Battery State: GOOD",TRUE,0.296757389808004,"CalCurCEAS_004","COL",207.275000862425,265.102165271056,2911
2177323462,45.70368,-127.88843,2024-08-25 11:00:31,"U","0-2571709","MessageType: UNLIMITED-TRACK, Battery State: GOOD",TRUE,0.278601408789734,"CalCurCEAS_004","COL",205.138917209366,133.824114265403,2911
2177328367,45.70259,-127.88916,2024-08-25 11:19:54,"R","0-2571518","MessageType: UNLIMITED-TRACK, Battery State: GOOD",TRUE,0.267416437674315,"CalCurCEAS_004","COL",205.766326824208,55.5372542712125,2911
2177331164,45.70214,-127.88947,2024-08-25 11:29:59,"U","0-2571709","MessageType: UNLIMITED-TRACK, Battery State: GOOD",TRUE,0.207780815730549,"CalCurCEAS_004","COL",216.018938437349,182.762645304529,2911
2177339663,45.70081,-127.89085,2024-08-25 12:01:17,"U","0-2571709","MessageType: UNLIMITED-TRACK, Battery State: GOOD",TRUE,0.188796342859843,"CalCurCEAS_004","COL",236.488299884752,116.759216623766,2911
2177363762,45.70023,-127.8921,2024-08-25 12:18:48,"R","0-2571518","MessageType: UNLIMITED-TRACK, Battery State: GOOD",TRUE,0.191133086915055,"CalCurCEAS_004","COL",246.07983505879,63.0468589182896,2900
2177347777,45.7,-127.89284,2024-08-25 12:29:16,"U","0-2571709","MessageType: UNLIMITED-TRACK, Battery State: GOOD",TRUE,0.20709440811833,"CalCurCEAS_004","COL",253.762784804011,198.737010438595,2900
2177357076,45.6995,-127.89529,2024-08-25 12:59:08,"U","0-2571709","MessageType: UNLIMITED-TRACK, Battery State: GOOD",TRUE,0.215150558175711,"CalCurCEAS_004","COL",264.605421885911,106.390319867725,2900
2177363735,45.69941,-127.89665,2024-08-25 13:18:48,"R","0-2571518","MessageType: UNLIMITED-TRACK, Battery State: GOOD",TRUE,0.197174981014637,"CalCurCEAS_004","COL",261.878417233461,62.9366660476941,2900
2177367735,45.69933,-127.89745,2024-08-25 13:30:00,"U","0-2571709","MessageType: UNLIMITED-TRACK, Battery State: GOOD",TRUE,0.177325879035613,"CalCurCEAS_004","COL",252.473037922344,199.28517846923,2900
2177378499,45.69879,-127.89989,2024-08-25 14:00:01,"U","0-2571709","MessageType: UNLIMITED-TRACK, Battery State: GOOD",TRUE,0.214665877973518,"CalCurCEAS_004","COL",248.350555766054,126.529094029176,2900
2177385353,45.69837,-127.9014,2024-08-25 14:18:30,"R","0-2571518","MessageType: UNLIMITED-TRACK, Battery State: GOOD",TRUE,0.20991195829332,"CalCurCEAS_004","COL",252.570319213527,81.6315306662363,2900
2177389699,45.69815,-127.9024,2024-08-25 14:29:55,"U","0-2571709","MessageType: UNLIMITED-TRACK, Battery State: GOOD",TRUE,0.224955654712261,"CalCurCEAS_004","COL",263.141808981508,204.741560847179,2900
2177401177,45.69793,-127.90501,2024-08-25 14:58:40,"U","0-2571709","MessageType: UNLIMITED-TRACK, Battery State: GOOD",TRUE,0.230260074228132,"CalCurCEAS_004","COL",261.483608344825,127.578796999742,2900
2177409535,45.69776,-127.90663,2024-08-25 15:18:17,"R","0-2571518","MessageType: UNLIMITED-TRACK, Battery State: GOOD",TRUE,0.223332504013124,"CalCurCEAS_004","COL",257.302203447103,75.8449220178467,2900
2177414099,45.69761,-127.90758,2024-08-25 15:30:01,"U","0-2571709","MessageType: UNLIMITED-TRACK, Battery State: GOOD",TRUE,0.209673814208967,"CalCurCEAS_004","COL",263.682775786932,181.795783789203,2900
2177426453,45.69743,-127.9099,2024-08-25 15:58:14,"U","0-2571709","MessageType: UNLIMITED-TRACK, Battery State: GOOD",TRUE,0.208318854430628,"CalCurCEAS_004","COL",274.428447256061,100.771654852161,2889
2177434817,45.6975,-127.91119,2024-08-25 16:18:18,"R","0-2571518","MessageType: UNLIMITED-TRACK, Battery State: GOOD",TRUE,0.191966540171464,"CalCurCEAS_004","COL",284.431500999493,49.0572971760003,2889
2177439387,45.69761,-127.9118,2024-08-25 16:29:16,"U","0-2571709","MessageType: UNLIMITED-TRACK, Battery State: GOOD",TRUE,0.155581796122469,"CalCurCEAS_004","COL",274.048126538111,94.4754781641953,2889
2177452432,45.69767,-127.91301,2024-08-25 16:58:54,"U","0-2571709","MessageType: UNLIMITED-TRACK, Battery State: GOOD",TRUE,0.103083480111664,"CalCurCEAS_004","COL",246.112592129994,49.40479607071,2889
2177460797,45.69749,-127.91359,2024-08-25 17:17:18,"R","0-2571518","MessageType: UNLIMITED-TRACK, Battery State: GOOD",TRUE,0.10243953467618,"CalCurCEAS_004","COL",274.533046419712,14.0631728849157,2889
2177465901,45.6975,-127.91377,2024-08-25 17:29:01,"U","0-2571709","MessageType: UNLIMITED-TRACK, Battery State: GOOD",TRUE,0.0667078392433405,"CalCurCEAS_004","COL",225.030491199579,22.0173604521273,2889
2177478535,45.69736,-127.91397,2024-08-25 17:58:04,"U","0-2571709","MessageType: UNLIMITED-TRACK, Battery State: GOOD",TRUE,0.0245058400901474,"CalCurCEAS_004","COL",180,37.7894367087647,2889
2177486550,45.69702,-127.91397,2024-08-25 18:16:54,"R","0-2571518","MessageType: UNLIMITED-TRACK, Battery State: GOOD",TRUE,0.0325719292237096,"CalCurCEAS_004","COL",175.377347901234,28.9921112034766,2889
2177491962,45.69676,-127.91394,2024-08-25 18:29:18,"U","0-2571709","MessageType: UNLIMITED-TRACK, Battery State: GOOD",TRUE,0.0690782451152937,"CalCurCEAS_004","COL",173.338446257154,40.2843096195335,2889
2177504030,45.6964,-127.91388,2024-08-25 18:57:53,"U","0-2571709","MessageType: UNLIMITED-TRACK, Battery State: GOOD",TRUE,0.0455694231264693,"CalCurCEAS_004","COL",166.108007851932,19.464035826237,2889
2177511908,45.69623,-127.91382,2024-08-25 19:16:02,"R","0-2571518","MessageType: UNLIMITED-TRACK, Battery State: GOOD",TRUE,0.0484336616790898,"CalCurCEAS_004","COL",180,18.8947148820827,2889
2177517351,45.69606,-127.91382,2024-08-25 19:28:47,"U","0-2571709","MessageType: UNLIMITED-TRACK, Battery State: GOOD",TRUE,0.0398435438334995,"CalCurCEAS_004","COL",171.039805068459,45.0073813928681,2889
2177530773,45.69566,-127.91373,2024-08-25 20:01:25,"U","0-2571709","MessageType: UNLIMITED-TRACK, Battery State: GOOD",TRUE,0.0445936260991645,"CalCurCEAS_004","COL",175.706149063496,31.2082992550238,2889
2177536815,45.69538,-127.9137,2024-08-25 20:16:22,"R","0-2571518","MessageType: UNLIMITED-TRACK, Battery State: GOOD",TRUE,0.050876644425024,"CalCurCEAS_004","COL",195.24419248216,20.7357726235503,2889
2177541579,45.6952,-127.91377,2024-08-25 20:28:29,"U","0-2571709","MessageType: UNLIMITED-TRACK, Battery State: GOOD",TRUE,0.0611884894385484,"CalCurCEAS_004","COL",219.930689128697,52.1793421283681,2889
2177552564,45.69484,-127.9142,2024-08-25 20:57:25,"U","0-2571709","MessageType: UNLIMITED-TRACK, Battery State: GOOD",TRUE,0.0583110159729459,"CalCurCEAS_004","COL",238.879763135183,47.3106732612033,2889
2177559285,45.69462,-127.91472,2024-08-25 21:15:55,"R","0-2571518","MessageType: UNLIMITED-TRACK, Battery State: GOOD",TRUE,0.0629620921517557,"CalCurCEAS_004","COL",244.990522801899,44.6925277055272,2889
2177563638,45.69445,-127.91524,2024-08-25 21:27:56,"U","0-2571709","MessageType: UNLIMITED-TRACK, Battery State: GOOD",TRUE,0.0973417058060937,"CalCurCEAS_004","COL",243.800591368705,125.87107162358,2889
2177574377,45.69395,-127.91669,2024-08-25 21:57:11,"U","0-2571709","MessageType: UNLIMITED-TRACK, Battery State: GOOD",TRUE,0.139139532165097,"CalCurCEAS_004","COL",239.971947384087,71.0721448602743,2889
2177580710,45.69363,-127.91748,2024-08-25 22:15:01,"R","0-2571518","MessageType: UNLIMITED-TRACK, Battery State: GOOD",TRUE,0.132122283043868,"CalCurCEAS_004","COL",229.612906761744,53.1754133532231,2889
2177585220,45.69332,-127.918,2024-08-25 22:27:59,"U","0-2571709","MessageType: UNLIMITED-TRACK, Battery State: GOOD",TRUE,0.129911578642378,"CalCurCEAS_004","COL",232.99643348785,138.499572566325,2889
2177595566,45.69257,-127.91942,2024-08-25 22:57:06,"U","0-2571709","MessageType: UNLIMITED-TRACK, Battery State: GOOD",TRUE,0.153800326719331,"CalCurCEAS_004","COL",220.501283289919,93.5474780640677,2889
2177601808,45.69193,-127.9202,2024-08-25 23:15:02,"R","0-2571518","MessageType: UNLIMITED-TRACK, Battery State: GOOD",TRUE,0.152936499251003,"CalCurCEAS_004","COL",211.059267761391,83.0376029342874,2889
2177606209,45.69129,-127.92075,2024-08-25 23:28:16,"U","0-2571709","MessageType: UNLIMITED-TRACK, Battery State: GOOD",TRUE,0.182575965604859,"CalCurCEAS_004","COL",223.56536588208,128.847463459929,2896
2177625756,45.69045,-127.92189,2024-08-25 23:57:47,"U","0-2571709","MessageType: UNLIMITED-TRACK, Battery State: GOOD",TRUE,0.141142901813813,"CalCurCEAS_004","COL",216.493032064232,49.770833272125,2896
2177621419,45.69009,-127.92227,2024-08-26 00:14:18,"R","0-2571518","MessageType: UNLIMITED-TRACK, Battery State: GOOD",TRUE,0.142076794430076,"CalCurCEAS_004","COL",217.808992493125,39.3902655364467,2896
2177625733,45.68981,-127.92258,2024-08-26 00:27:47,"U","0-2571709","MessageType: UNLIMITED-TRACK, Battery State: GOOD",TRUE,0.0960895977349719,"CalCurCEAS_004","COL",247.013575647172,62.6142767624392,2896
2177634759,45.68959,-127.92332,2024-08-26 00:56:42,"U","0-2571709","MessageType: UNLIMITED-TRACK, Battery State: GOOD",TRUE,0.0700125054288945,"CalCurCEAS_004","COL",258.316718835231,54.8849805643271,2896
2177640401,45.68949,-127.92401,2024-08-26 01:15:01,"R","0-2571518","MessageType: UNLIMITED-TRACK, Battery State: GOOD",TRUE,0.0804409420870093,"CalCurCEAS_004","COL",294.483677929984,40.228107120422,2896
2177643877,45.68964,-127.92448,2024-08-26 01:27:25,"U","0-2571709","MessageType: UNLIMITED-TRACK, Battery State: GOOD",TRUE,0.095293966699865,"CalCurCEAS_004","COL",303.907785321061,113.565680575031,2896
2177651872,45.69021,-127.92569,2024-08-26 01:56:30,"U","0-2571709","MessageType: UNLIMITED-TRACK, Battery State: GOOD",TRUE,0.126256401326969,"CalCurCEAS_004","COL",287.29247099643,44.869993688233,2884
2177656078,45.69033,-127.92624,2024-08-26 02:12:30,"R","0-2571518","MessageType: UNLIMITED-TRACK, Battery State: GOOD",TRUE,0.1109246450373,"CalCurCEAS_004","COL",249.0523414878,34.1968853742427,2884
2177660015,45.69022,-127.92665,2024-08-26 02:27:58,"U","0-2571709","MessageType: UNLIMITED-TRACK, Battery State: GOOD",TRUE,0.076846748787807,"CalCurCEAS_004","COL",227.471026360873,73.9909327959904,2884
2177667145,45.68977,-127.92735,2024-08-26 02:56:08,"U","0-2571709","MessageType: UNLIMITED-TRACK, Battery State: GOOD",TRUE,0.0849363370557523,"CalCurCEAS_004","COL",216.393941787339,80.0839073312013,2884
2177671355,45.68919,-127.92796,2024-08-26 03:13:47,"R","0-2571518","MessageType: UNLIMITED-TRACK, Battery State: GOOD",TRUE,0.0972922824968554,"CalCurCEAS_004","COL",212.404813481647,69.7714770027386,2884
2177674644,45.68866,-127.92844,2024-08-26 03:27:24,"U","0-2571709","MessageType: UNLIMITED-TRACK, Battery State: GOOD",TRUE,0.15487429700413,"CalCurCEAS_004","COL",221.033414064526,134.081844370293,2884
2177681383,45.68775,-127.92957,2024-08-26 03:55:44,"U","0-2571709","MessageType: UNLIMITED-TRACK, Battery State: GOOD",TRUE,0.153011045928452,"CalCurCEAS_004","COL",210.181220646913,60.4301035731932,2884
2177685382,45.68728,-127.92996,2024-08-26 04:13:24,"R","0-2571518","MessageType: UNLIMITED-TRACK, Battery State: GOOD",TRUE,0.14281305841728,"CalCurCEAS_004","COL",196.621545101829,62.6356079389018,2884
2177688266,45.68674,-127.93019,2024-08-26 04:26:17,"U","0-2571709","MessageType: UNLIMITED-TRACK, Battery State: GOOD",TRUE,0.129339090460473,"CalCurCEAS_004","COL",196.21444258419,217.608378268526,2884
2177695393,45.68486,-127.93097,2024-08-26 04:59:14,"U","0-2571709","MessageType: UNLIMITED-TRACK, Battery State: GOOD",TRUE,0.213535788488083,"CalCurCEAS_004","COL",170.16149491666,109.41997716553,2884
2177698863,45.68389,-127.93073,2024-08-26 05:13:53,"R","0-2571518","MessageType: UNLIMITED-TRACK, Battery State: GOOD",TRUE,0.203957650951161,"CalCurCEAS_004","COL",181.911673387737,93.4139021940177,2884
2177701623,45.68305,-127.93077,2024-08-26 05:25:54,"U","0-2571709","MessageType: UNLIMITED-TRACK, Battery State: GOOD",TRUE,0.244652381309814,"CalCurCEAS_004","COL",187.127976253992,238.582898978997,2884
2177709101,45.68092,-127.93115,2024-08-26 05:55:46,"U","0-2571709","MessageType: UNLIMITED-TRACK, Battery State: GOOD",TRUE,0.258287290189316,"CalCurCEAS_004","COL",184.835674542213,129.388826052364,2884
2177713051,45.67976,-127.93129,2024-08-26 06:11:12,"R","0-2571518","MessageType: UNLIMITED-TRACK, Battery State: GOOD",TRUE,0.260113352640071,"CalCurCEAS_004","COL",189.069547711893,113.677706109194,2884
2177716818,45.67875,-127.93152,2024-08-26 06:26:23,"U","0-2571709","MessageType: UNLIMITED-TRACK, Battery State: GOOD",TRUE,0.256520728703274,"CalCurCEAS_004","COL",194.102338622903,198.255722931422,2884
2177723902,45.67702,-127.93214,2024-08-26 06:55:06,"U","0-2571709","MessageType: UNLIMITED-TRACK, Battery State: GOOD",TRUE,0.223224667723133,"CalCurCEAS_004","COL",194.865387705507,118.443428949898,2884
2177728119,45.67599,-127.93253,2024-08-26 07:11:59,"R","0-2571518","MessageType: UNLIMITED-TRACK, Battery State: GOOD",TRUE,0.228741262805692,"CalCurCEAS_004","COL",197.391838872317,109.481363031803,2884
2177731459,45.67505,-127.93295,2024-08-26 07:26:19,"U","0-2571709","MessageType: UNLIMITED-TRACK, Battery State: GOOD",TRUE,0.236020702133106,"CalCurCEAS_004","COL",195.106583682028,200.314322923342,2884
2177738113,45.67331,-127.93362,2024-08-26 07:55:02,"U","0-2571709","MessageType: UNLIMITED-TRACK, Battery State: GOOD",TRUE,0.225542534225933,"CalCurCEAS_004","COL",198.991308824112,129.297186237534,2885
2177742132,45.67221,-127.93416,2024-08-26 08:12:22,"R","0-2571518","MessageType: UNLIMITED-TRACK, Battery State: GOOD",TRUE,0.235019507466279,"CalCurCEAS_004","COL",204.208783177287,112.112634858795,2885
2177745407,45.67129,-127.93475,2024-08-26 08:25:59,"U","0-2571709","MessageType: UNLIMITED-TRACK, Battery State: GOOD",TRUE,0.251939730057776,"CalCurCEAS_004","COL",219.281708202436,284.305183027444,2885
2177751846,45.66931,-127.93706,2024-08-26 08:54:45,"U","0-2571709","MessageType: UNLIMITED-TRACK, Battery State: GOOD",TRUE,0.319555072464219,"CalCurCEAS_004","COL",225.153631247943,167.060464691023,2885
2177769192,45.66825,-127.93858,2024-08-26 09:12:19,"R","0-2571518","MessageType: UNLIMITED-TRACK, Battery State: GOOD",TRUE,0.301422164695072,"CalCurCEAS_004","COL",230.762955765531,124.756225629775,2885
2177758898,45.66754,-127.93982,2024-08-26 09:25:29,"U","0-2571709","MessageType: UNLIMITED-TRACK, Battery State: GOOD",TRUE,0.306648728157291,"CalCurCEAS_004","COL",237.684387233175,334.722286059586,2885
2177766157,45.66593,-127.94345,2024-08-26 09:58:18,"U","0-2571709","MessageType: UNLIMITED-TRACK, Battery State: GOOD",TRUE,0.329792399672725,"CalCurCEAS_004","COL",252.699953299292,142.02086226928,2879
2177769157,45.66555,-127.94519,2024-08-26 10:12:19,"R","0-2571518","MessageType: UNLIMITED-TRACK, Battery State: GOOD",TRUE,0.321251344402401,"CalCurCEAS_004","COL",258.621925338502,129.570770052825,2879
2177772231,45.66532,-127.94682,2024-08-26 10:25:24,"U","0-2571709","MessageType: UNLIMITED-TRACK, Battery State: GOOD",TRUE,0.323607333379297,"CalCurCEAS_004","COL",274.238682853225,300.848489675077,2879
2177779953,45.66552,-127.95067,2024-08-26 10:58:00,"U","0-2571709","MessageType: UNLIMITED-TRACK, Battery State: GOOD",TRUE,0.298387561334176,"CalCurCEAS_004","COL",294.998645954368,89.4227066490758,2879
2177783111,45.66586,-127.95171,2024-08-26 11:09:56,"R","0-2571518","MessageType: UNLIMITED-TRACK, Battery State: GOOD",TRUE,0.28578693536608,"CalCurCEAS_004","COL",298.371030000986,91.2223625940163,2879
2177787472,45.66625,-127.95274,2024-08-26 11:25:24,"U","0-2571709","MessageType: UNLIMITED-TRACK, Battery State: GOOD",TRUE,0.213077633910941,"CalCurCEAS_004","COL",339.400756843761,115.174361140124,2879
2177796174,45.66722,-127.95326,2024-08-26 11:53:56,"U","0-2571709","MessageType: UNLIMITED-TRACK, Battery State: GOOD",TRUE,0.130513002693832,"CalCurCEAS_004","COL",2.61803421093368,51.1800376459659,2879
2177801870,45.66768,-127.95323,2024-08-26 12:11:47,"R","0-2571518","MessageType: UNLIMITED-TRACK, Battery State: GOOD",TRUE,0.122543396546809,"CalCurCEAS_004","COL",337.848819344981,37.2006079504901,2879
2177806016,45.66799,-127.95341,2024-08-26 12:24:29,"U","0-2571709","MessageType: UNLIMITED-TRACK, Battery State: GOOD",TRUE,0.0914182080487312,"CalCurCEAS_004","COL",343.100622659179,104.545024906928,2879
2177816162,45.66889,-127.9538,2024-08-26 12:53:35,"U","0-2571709","MessageType: UNLIMITED-TRACK, Battery State: GOOD",TRUE,0.116161138785475,"CalCurCEAS_004","COL",347.595203917239,58.0388455063405,2879
2177822280,45.6694,-127.95396,2024-08-26 13:09:20,"R","0-2571518","MessageType: UNLIMITED-TRACK, Battery State: GOOD",TRUE,0.112058779535982,"CalCurCEAS_004","COL",349.450834292305,72.3556712039679,2879
2177828201,45.67004,-127.95413,2024-08-26 13:24:29,"U","0-2571709","MessageType: UNLIMITED-TRACK, Battery State: GOOD",TRUE,0.136425346149951,"CalCurCEAS_004","COL",343.173531922111,177.658167091527,2879
2177840023,45.67157,-127.95479,2024-08-26 13:53:21,"U","0-2571709","MessageType: UNLIMITED-TRACK, Battery State: GOOD",TRUE,0.198993558982427,"CalCurCEAS_004","COL",344.335241920058,92.3458875084861,2879
2177847156,45.67237,-127.95511,2024-08-26 14:10:01,"R","0-2571518","MessageType: UNLIMITED-TRACK, Battery State: GOOD",TRUE,0.182249650087901,"CalCurCEAS_004","COL",359.269723768168,61.1346731065235,2879
2177853499,45.67292,-127.95512,2024-08-26 14:24:54,"U","0-2571709","MessageType: UNLIMITED-TRACK, Battery State: GOOD",TRUE,0.156012639167628,"CalCurCEAS_004","COL",16.1489185160182,106.453864912338,2879
2177866307,45.67384,-127.95474,2024-08-26 14:53:11,"U","0-2571709","MessageType: UNLIMITED-TRACK, Battery State: GOOD",TRUE,0.12169740596932,"CalCurCEAS_004","COL",28.6013920020135,56.9668787554645,2879
2177874059,45.67429,-127.95439,2024-08-26 15:10:26,"R","0-2571518","MessageType: UNLIMITED-TRACK, Battery State: GOOD",TRUE,0.118085442741555,"CalCurCEAS_004","COL",44.1469585589158,40.2724860558753,2879
2177880571,45.67455,-127.95403,2024-08-26 15:24:24,"U","0-2571709","MessageType: UNLIMITED-TRACK, Battery State: GOOD",TRUE,0.0998198139429406,"CalCurCEAS_004","COL",59.6462209741873,85.7782151368907,2879
2177893864,45.67494,-127.95308,2024-08-26 15:52:52,"U","0-2571709","MessageType: UNLIMITED-TRACK, Battery State: GOOD",TRUE,0.0974295886215269,"CalCurCEAS_004","COL",82.3826646572373,50.3099291103679,2879
2177902592,45.675,-127.95244,2024-08-26 16:10:47,"R","0-2571518","MessageType: UNLIMITED-TRACK, Battery State: GOOD",TRUE,0.0917265752184509,"CalCurCEAS_004","COL",67.8256824171585,41.2277467129961,2879
2177908748,45.67514,-127.95195,2024-08-26 16:23:30,"U","0-2571709","MessageType: UNLIMITED-TRACK, Battery State: GOOD",TRUE,0.0958466777551371,"CalCurCEAS_004","COL",91.0818667819256,117.673243746862,2877
2177922681,45.67512,-127.95044,2024-08-26 16:52:35,"U","0-2571709","MessageType: UNLIMITED-TRACK, Battery State: GOOD",TRUE,0.13082297585611,"CalCurCEAS_004","COL",116.080355628515,88.4837753564321,2877
2177931550,45.67477,-127.94942,2024-08-26 17:10:53,"R","0-2571518","MessageType: UNLIMITED-TRACK, Battery State: GOOD",TRUE,0.1273373999008,"CalCurCEAS_004","COL",123.310081574032,82.9780553144346,2879
2177937889,45.67436,-127.94853,2024-08-26 17:24:23,"U","0-2571709","MessageType: UNLIMITED-TRACK, Battery State: GOOD",TRUE,0.1739910679419,"CalCurCEAS_004","COL",129.066856605221,181.64524689352,2879
2177951741,45.67333,-127.94672,2024-08-26 17:52:23,"U","0-2571709","MessageType: UNLIMITED-TRACK, Battery State: GOOD",TRUE,0.209757011293708,"CalCurCEAS_004","COL",145.426031452249,159.28014099799,2879
2177960752,45.67215,-127.94556,2024-08-26 18:10:30,"R","0-2571518","MessageType: UNLIMITED-TRACK, Battery State: GOOD",TRUE,0.227048354255412,"CalCurCEAS_004","COL",160.444449554562,88.4612849206319,2879
2177966486,45.6714,-127.94518,2024-08-26 18:22:19,"U","0-2571709","MessageType: UNLIMITED-TRACK, Battery State: GOOD",TRUE,0.265498379845897,"CalCurCEAS_004","COL",167.354944508776,256.292104765244,2879
2177982118,45.66915,-127.94446,2024-08-26 18:53:45,"U","0-2571709","MessageType: UNLIMITED-TRACK, Battery State: GOOD",TRUE,0.263630266831693,"CalCurCEAS_004","COL",171.540871615419,148.324769991665,2879
2177989932,45.66783,-127.94418,2024-08-26 19:09:46,"R","0-2571518","MessageType: UNLIMITED-TRACK, Battery State: GOOD",TRUE,0.268435788222126,"CalCurCEAS_004","COL",178.873832552642,118.947930692082,2879
2177995083,45.66676,-127.94415,2024-08-26 19:22:07,"U","0-2571709","MessageType: UNLIMITED-TRACK, Battery State: GOOD",TRUE,0.304030932365865,"CalCurCEAS_004","COL",183.306520087327,297.25138915149,2879
2178009617,45.66409,-127.94437,2024-08-26 19:53:55,"U","0-2571709","MessageType: UNLIMITED-TRACK, Battery State: GOOD",TRUE,0.302236737397218,"CalCurCEAS_004","COL",192.245114383509,143.302550505508,2879
2178016400,45.66283,-127.94476,2024-08-26 20:09:16,"R","0-2571518","MessageType: UNLIMITED-TRACK, Battery State: GOOD",TRUE,0.30298721683568,"CalCurCEAS_004","COL",193.507859740264,123.451150741771,2879
2178022033,45.66175,-127.94513,2024-08-26 20:22:08,"U","0-2571709","MessageType: UNLIMITED-TRACK, Battery State: GOOD",TRUE,0.305653231410636,"CalCurCEAS_004","COL",193.395620801037,302.770311495454,2879
2178035644,45.6591,-127.94603,2024-08-26 20:53:59,"U","0-2571709","MessageType: UNLIMITED-TRACK, Battery State: GOOD",TRUE,0.307364942072832,"CalCurCEAS_004","COL",201.874276996599,156.895090886445,2879
2178041721,45.65779,-127.94678,2024-08-26 21:08:25,"R","0-2571518","MessageType: UNLIMITED-TRACK, Battery State: GOOD",TRUE,0.318069838863993,"CalCurCEAS_004","COL",210.479258418665,144.441508154775,2881
2178047141,45.65667,-127.94772,2024-08-26 21:22:08,"U","0-2571709","MessageType: UNLIMITED-TRACK, Battery State: GOOD",TRUE,0.345143965530092,"CalCurCEAS_004","COL",222.087711176207,296.533229786782,2881
2178059356,45.65469,-127.95027,2024-08-26 21:53:00,"U","0-2571709","MessageType: UNLIMITED-TRACK, Battery State: GOOD",TRUE,0.3106233616557,"CalCurCEAS_004","COL",228.436229372163,123.966973059122,2881
2178065390,45.65395,-127.95146,2024-08-26 22:09:00,"R","0-2571518","MessageType: UNLIMITED-TRACK, Battery State: GOOD",TRUE,0.299638614845218,"CalCurCEAS_004","COL",223.680626935451,144.462079343539,2881
2178071757,45.65301,-127.95274,2024-08-26 22:25:39,"U","0-2571709","MessageType: UNLIMITED-TRACK, Battery State: GOOD",TRUE,0.265598140735091,"CalCurCEAS_004","COL",233.574749667359,220.872105474225,2881
2178082345,45.65183,-127.95502,2024-08-26 22:53:54,"U","0-2571709","MessageType: UNLIMITED-TRACK, Battery State: GOOD",TRUE,0.252797572047196,"CalCurCEAS_004","COL",243.568605122462,94.8817749495512,2881
2178109212,45.65145,-127.95611,2024-08-26 23:08:43,"R","0-2571518","MessageType: UNLIMITED-TRACK, Battery State: GOOD",TRUE,0.247280021144421,"CalCurCEAS_004","COL",256.549330104733,124.227847863919,2881
2178093018,45.65119,-127.95766,2024-08-26 23:23:32,"U","0-2571709","MessageType: UNLIMITED-TRACK, Battery State: GOOD",TRUE,0.237568633988769,"CalCurCEAS_004","COL",270.57430716227,222.164621444698,2881
2178102975,45.65121,-127.96051,2024-08-26 23:51:27,"U","0-2571709","MessageType: UNLIMITED-TRACK, Battery State: GOOD",TRUE,0.257313054091172,"CalCurCEAS_004","COL",277.213420000497,132.783693960415,2878
2178109192,45.65136,-127.9622,2024-08-27 00:08:43,"R","0-2571518","MessageType: UNLIMITED-TRACK, Battery State: GOOD",TRUE,0.255870157706787,"CalCurCEAS_004","COL",278.417255026837,83.5248202502392,2878
2178113810,45.65147,-127.96326,2024-08-27 00:22:29,"U","0-2571709","MessageType: UNLIMITED-TRACK, Battery State: GOOD",TRUE,0.225357958113804,"CalCurCEAS_004","COL",297.815843443015,176.261001651078,2878
2178123159,45.65221,-127.96526,2024-08-27 00:51:13,"U","0-2571709","MessageType: UNLIMITED-TRACK, Battery State: GOOD",TRUE,0.198344746637524,"CalCurCEAS_004","COL",293.25455352757,61.9326485794015,2878
2178127802,45.65243,-127.96599,2024-08-27 01:06:31,"R","0-2571518","MessageType: UNLIMITED-TRACK, Battery State: GOOD",TRUE,0.178146751727619,"CalCurCEAS_004","COL",298.542208348003,86.0682606148823,2878
2178132954,45.6528,-127.96696,2024-08-27 01:23:15,"U","0-2571709","MessageType: UNLIMITED-TRACK, Battery State: GOOD",TRUE,0.149232163514066,"CalCurCEAS_004","COL",297.839908188997,142.800043940317,2878
2178140873,45.6534,-127.96858,2024-08-27 01:51:02,"U","0-2571709","MessageType: UNLIMITED-TRACK, Battery State: GOOD",TRUE,0.166186013943741,"CalCurCEAS_004","COL",303.862791208722,47.8724560428261,2878
2178145489,45.65364,-127.96909,2024-08-27 02:07:01,"R","0-2571518","MessageType: UNLIMITED-TRACK, Battery State: GOOD",TRUE,0.147790992515071,"CalCurCEAS_004","COL",285.496943567832,29.1188662192079,2878
2178150491,45.65371,-127.96945,2024-08-27 02:24:47,"U","0-2571709","MessageType: UNLIMITED-TRACK, Battery State: GOOD",TRUE,0.0728707396076846,"CalCurCEAS_004","COL",242.334957976333,59.8445136834714,2878
2178165404,45.65346,-127.97013,2024-08-27 02:50:53,"U","0-2571709","MessageType: UNLIMITED-TRACK, Battery State: GOOD",TRUE,0.0741368815746709,"CalCurCEAS_004","COL",219.077740034838,27.2029818970849,2878
2178161598,45.65327,-127.97035,2024-08-27 03:06:46,"R","0-2571518","MessageType: UNLIMITED-TRACK, Battery State: GOOD",TRUE,0.0576174389542398,"CalCurCEAS_004","COL",220.278265442285,34.9641795368771,2878
2178165378,45.65303,-127.97064,2024-08-27 03:20:53,"U","0-2571709","MessageType: UNLIMITED-TRACK, Battery State: GOOD",TRUE,0.0669987644635301,"CalCurCEAS_004","COL",192.623139025538,135.538064374231,2878
2178172893,45.65184,-127.97102,2024-08-27 03:50:49,"U","0-2571709","MessageType: UNLIMITED-TRACK, Battery State: GOOD",TRUE,0.146405258845216,"CalCurCEAS_004","COL",187.829974542657,114.434281208901,2878
2178176609,45.65082,-127.97122,2024-08-27 04:06:19,"R","0-2571518","MessageType: UNLIMITED-TRACK, Battery State: GOOD",TRUE,0.15236641831539,"CalCurCEAS_004","COL",184.011842826806,122.55924575864,2878
2178180442,45.64972,-127.97133,2024-08-27 04:23:00,"U","0-2571709","MessageType: UNLIMITED-TRACK, Battery State: GOOD",TRUE,0.237966116457452,"CalCurCEAS_004","COL",191.223786993957,232.288619747127,2878
2178187716,45.64767,-127.97191,2024-08-27 04:54:15,"U","0-2571709","MessageType: UNLIMITED-TRACK, Battery State: GOOD",TRUE,0.24034129189836,"CalCurCEAS_004","COL",197.032758205521,202.262768269433,2878
2178194256,45.64593,-127.97267,2024-08-27 05:20:21,"U","0-2571709","MessageType: UNLIMITED-TRACK, Battery State: GOOD",TRUE,0.250568180359323,"CalCurCEAS_004","COL",189.088792772422,256.631125247931,2878
2178202746,45.64365,-127.97319,2024-08-27 05:51:48,"U","0-2571709","MessageType: UNLIMITED-TRACK, Battery State: GOOD",TRUE,0.263839100678848,"CalCurCEAS_004","COL",191.883605008164,227.156936446387,2878
2178210004,45.64165,-127.97379,2024-08-27 06:19:58,"U","0-2571709","MessageType: UNLIMITED-TRACK, Battery State: GOOD",TRUE,0.260760033553841,"CalCurCEAS_004","COL",190.753505372025,259.069775630252,2882
2178217768,45.63936,-127.97441,2024-08-27 06:50:53,"U","0-2571709","MessageType: UNLIMITED-TRACK, Battery State: GOOD",TRUE,0.27094089742463,"CalCurCEAS_004","COL",191.734955664455,233.844584750564,2882
2178225225,45.6373,-127.97502,2024-08-27 07:19:41,"U","0-2571709","MessageType: UNLIMITED-TRACK, Battery State: GOOD",TRUE,0.262533850935239,"CalCurCEAS_004","COL",186.430468387417,341.135955316173,2880
2178233052,45.63425,-127.97551,2024-08-27 07:51:30,"U","0-2571709","MessageType: UNLIMITED-TRACK, Battery State: GOOD",TRUE,0.346675617241161,"CalCurCEAS_004","COL",192.298445464845,402.690868710155,2880
2178239387,45.63071,-127.97661,2024-08-27 08:19:39,"U","0-2571709","MessageType: UNLIMITED-TRACK, Battery State: GOOD",TRUE,0.462534212728064,"CalCurCEAS_004","COL",199.645229263937,470.871109707133,2880
2178246901,45.62672,-127.97864,2024-08-27 08:51:24,"U","0-2571709","MessageType: UNLIMITED-TRACK, Battery State: GOOD",TRUE,0.479522284951096,"CalCurCEAS_004","COL",206.372182577981,414.339568624116,2880
2178253812,45.62338,-127.981,2024-08-27 09:20:22,"U","0-2571709","MessageType: UNLIMITED-TRACK, Battery State: GOOD",TRUE,0.462496411467655,"CalCurCEAS_004","COL",215.441196157357,381.974783486806,2889
2178260710,45.62058,-127.98384,2024-08-27 09:49:16,"U","0-2571709","MessageType: UNLIMITED-TRACK, Battery State: GOOD",TRUE,0.427353563993312,"CalCurCEAS_004","COL",221.300489428196,387.605241587259,2889
2178267886,45.61796,-127.98712,2024-08-27 10:20:49,"U","0-2571709","MessageType: UNLIMITED-TRACK, Battery State: GOOD",TRUE,0.397228826560635,"CalCurCEAS_004","COL",228.605378567806,324.39416389295,2889
2178284531,45.61603,-127.99024,2024-08-27 10:50:53,"U","0-2571709","MessageType: UNLIMITED-TRACK, Battery State: GOOD",TRUE,0.348849599751842,"CalCurCEAS_004","COL",238.159963508003,307.581521111972,2889
2178284504,45.61457,-127.99359,2024-08-27 11:20:53,"U","0-2571709","MessageType: UNLIMITED-TRACK, Battery State: GOOD",TRUE,0.33150452830957,"CalCurCEAS_004","COL",249.251780559459,210.192594811293,2887
2178293206,45.6139,-127.99611,2024-08-27 11:48:43,"U","0-2571709","MessageType: UNLIMITED-TRACK, Battery State: GOOD",TRUE,0.244175828702939,"CalCurCEAS_004","COL",279.19859051181,208.602335788771,2887
2178303467,45.6142,-127.99875,2024-08-27 12:18:48,"U","0-2571709","MessageType: UNLIMITED-TRACK, Battery State: GOOD",TRUE,0.224204172537516,"CalCurCEAS_004","COL",287.224565620688,213.953163382088,2887
2178315316,45.61477,-128.00137,2024-08-27 12:50:17,"U","0-2571709","MessageType: UNLIMITED-TRACK, Battery State: GOOD",TRUE,0.219729559005426,"CalCurCEAS_004","COL",289.516425476579,163.02329961584,2887
2178326913,45.61526,-128.00334,2024-08-27 13:18:34,"U","0-2571709","MessageType: UNLIMITED-TRACK, Battery State: GOOD",TRUE,0.186367237038733,"CalCurCEAS_004","COL",294.155203519054,168.40030012436,2887
2178340697,45.61588,-128.00531,2024-08-27 13:49:59,"U","0-2571709","MessageType: UNLIMITED-TRACK, Battery State: GOOD",TRUE,0.173313836732763,"CalCurCEAS_004","COL",310.699851883204,114.196234737278,2887
2178369072,45.61655,-128.00642,2024-08-27 14:20:22,"U","0-2571709","MessageType: UNLIMITED-TRACK, Battery State: GOOD",TRUE,0.121525340312847,"CalCurCEAS_004","COL",288.304625126571,92.0116180016359,2887
2178369021,45.61681,-128.00754,2024-08-27 14:50:22,"U","0-2571709","MessageType: UNLIMITED-TRACK, Battery State: GOOD",TRUE,0.0991680771795409,"CalCurCEAS_004","COL",264.747626967115,72.8424802464323,2887
2178382264,45.61675,-128.00847,2024-08-27 15:18:11,"U","0-2571709","MessageType: UNLIMITED-TRACK, Battery State: GOOD",TRUE,0.0846701088544509,"CalCurCEAS_004","COL",218.425082044265,65.2599277949657,2885
2178396883,45.61629,-128.00899,2024-08-27 15:48:06,"U","0-2571709","MessageType: UNLIMITED-TRACK, Battery State: GOOD",TRUE,0.0705316211265925,"CalCurCEAS_004","COL",180,42.2346506579492,2885
2178412464,45.61591,-128.00899,2024-08-27 16:19:53,"U","0-2571709","MessageType: UNLIMITED-TRACK, Battery State: GOOD",TRUE,0.0429655072241329,"CalCurCEAS_004","COL",201.217078420472,56.0358964044194,2885
2178427539,45.61544,-128.00925,2024-08-27 16:50:23,"U","0-2571709","MessageType: UNLIMITED-TRACK, Battery State: GOOD",TRUE,0.0594041743303681,"CalCurCEAS_004","COL",198.047177405272,98.1915684290943,2885
2178441010,45.6146,-128.00964,2024-08-27 17:17:49,"U","0-2571709","MessageType: UNLIMITED-TRACK, Battery State: GOOD",TRUE,0.115730038124206,"CalCurCEAS_004","COL",193.85171358313,169.41961477168,2885
2178456091,45.61312,-128.01016,2024-08-27 17:48:55,"U","0-2571709","MessageType: UNLIMITED-TRACK, Battery State: GOOD",TRUE,0.176138291884812,"CalCurCEAS_004","COL",194.806042479858,177.03954500209,2885
2178472061,45.61158,-128.01074,2024-08-27 18:21:30,"U","0-2571709","MessageType: UNLIMITED-TRACK, Battery State: GOOD",TRUE,0.175681185321767,"CalCurCEAS_004","COL",182.5116831129,160.200849762053,2885
2178484647,45.61014,-128.01083,2024-08-27 18:48:29,"U","0-2571709","MessageType: UNLIMITED-TRACK, Battery State: GOOD",TRUE,0.191963958331305,"CalCurCEAS_004","COL",176.254806748226,214.966371637215,2885
2178498546,45.60821,-128.01065,2024-08-27 19:17:29,"U","0-2571709","MessageType: UNLIMITED-TRACK, Battery State: GOOD",TRUE,0.23967514998632,"CalCurCEAS_004","COL",182.258156326921,296.984127312997,2895
2178513485,45.60554,-128.0108,2024-08-27 19:49:54,"U","0-2571709","MessageType: UNLIMITED-TRACK, Battery State: GOOD",TRUE,0.29622067197286,"CalCurCEAS_004","COL",190.029911363741,286.685941202365,2895
2178525793,45.603,-128.01144,2024-08-27 20:17:13,"U","0-2571709","MessageType: UNLIMITED-TRACK, Battery State: GOOD",TRUE,0.339335403253562,"CalCurCEAS_004","COL",193.914966738145,272.518694194123,2895
2178540092,45.60062,-128.01228,2024-08-27 20:50:51,"U","0-2571709","MessageType: UNLIMITED-TRACK, Battery State: GOOD",TRUE,0.261985265974529,"CalCurCEAS_004","COL",199.008641463264,253.915551921767,2895
2178551331,45.59846,-128.01334,2024-08-27 21:18:29,"U","0-2571709","MessageType: UNLIMITED-TRACK, Battery State: GOOD",TRUE,0.297102636144891,"CalCurCEAS_004","COL",208.495881284465,312.365139459554,2895
2178574597,45.59599,-128.01525,2024-08-27 21:48:29,"U","0-2571709","MessageType: UNLIMITED-TRACK, Battery State: GOOD",TRUE,0.336660205861964,"CalCurCEAS_004","COL",217.049548407086,388.522692522981,2895
2178574556,45.5932,-128.01825,2024-08-27 22:18:29,"U","0-2571709","MessageType: UNLIMITED-TRACK, Battery State: GOOD",TRUE,0.418741124163658,"CalCurCEAS_004","COL",225.230594063754,405.579914371639,2895
2178586608,45.59063,-128.02194,2024-08-27 22:50:35,"U","0-2571709","MessageType: UNLIMITED-TRACK, Battery State: GOOD",TRUE,0.408528054974548,"CalCurCEAS_004","COL",233.483088935143,293.231850196406,2900
2178597376,45.58906,-128.02496,2024-08-27 23:19:52,"U","0-2571709","MessageType: UNLIMITED-TRACK, Battery State: GOOD",TRUE,0.323773357644295,"CalCurCEAS_004","COL",243.342417776244,227.89880278568,2900
2178606674,45.58814,-128.02757,2024-08-27 23:46:41,"U","0-2571709","MessageType: UNLIMITED-TRACK, Battery State: GOOD",TRUE,0.274781651587458,"CalCurCEAS_004","COL",252.528053374017,225.799216850905,2893
2178617661,45.58753,-128.03033,2024-08-28 00:16:29,"U","0-2571709","MessageType: UNLIMITED-TRACK, Battery State: GOOD",TRUE,0.244994676001541,"CalCurCEAS_004","COL",260.579832246429,244.431725050834,2893
2178628346,45.58717,-128.03342,2024-08-28 00:47:48,"U","0-2571709","MessageType: UNLIMITED-TRACK, Battery State: GOOD",TRUE,0.252366975305278,"CalCurCEAS_004","COL",264.400477783265,239.156062496761,2893
2178637146,45.58696,-128.03647,2024-08-28 01:16:16,"U","0-2571709","MessageType: UNLIMITED-TRACK, Battery State: GOOD",TRUE,0.271640960915524,"CalCurCEAS_004","COL",270.515958345439,247.389322847898,2893
2178646352,45.58698,-128.03964,2024-08-28 01:47:19,"U","0-2571709","MessageType: UNLIMITED-TRACK, Battery State: GOOD",TRUE,0.257614217028943,"CalCurCEAS_004","COL",276.194213584543,247.261035018937,2893
2178655882,45.58722,-128.04279,2024-08-28 02:20:03,"U","0-2571709","MessageType: UNLIMITED-TRACK, Battery State: GOOD",TRUE,0.244239515242738,"CalCurCEAS_004","COL",277.606182862311,201.548002165474,2881
2178663739,45.58746,-128.04535,2024-08-28 02:48:24,"U","0-2571709","MessageType: UNLIMITED-TRACK, Battery State: GOOD",TRUE,0.229866622105244,"CalCurCEAS_004","COL",NA,NA,2881
